{"display":{"thirdperson_righthand":{"rotation":[68,180,0],"translation":[0.25,-3.5,-3.75]},"thirdperson_lefthand":{"rotation":[67,0,0],"translation":[-5,-5.75,8.75],"scale":[1.2,1.2,1.2]},"firstperson_righthand":{"rotation":[0,-58.5,0],"translation":[0.25,4.5,-0.5],"scale":[0.8,0.8,0.8]},"firstperson_lefthand":{"translation":[-2.5,-8.25,0],"scale":[0,0,0]},"ground":{"rotation":[-90,0,0],"translation":[0,-2.5,-1.25]},"gui":{"translation":[-0.25,1.25,0],"scale":[1.4,1.4,1.4]},"head":{"scale":[0,0,0]},"fixed":{"rotation":[0,180,0],"translation":[0.5,1.75,0],"scale":[1.64,1.64,1.64]}},"textures":{"1":"item/shulker_box/texture_backpack","2":"item/shulker_box/lime_concrete","4":"item/shulker_box/green_concrete","particle":"item/shulker_box/texture_backpack"},"elements":[{"from":[6.1,7.475,7.225],"to":[10.695,11.2,7.525],"rotation":{"angle":0,"axis":"y","origin":[7.95,8.2,7.175]},"faces":{"north":{"uv":[0,0,16,16],"rotation":90,"texture":"#2"},"south":{"uv":[0,0,16,16],"rotation":90,"texture":"#2"},"west":{"uv":[0,0,16,16],"rotation":90,"texture":"#2"},"up":{"uv":[0,0,16,16],"rotation":90,"texture":"#2"}}},{"from":[5.934,7.475,7.2265],"to":[6.159,11.2,7.5265],"rotation":{"angle":22.5,"axis":"y","origin":[6.125,9.3875,7.375]},"faces":{"north":{"uv":[0,0,16,16],"rotation":90,"texture":"#2"},"east":{"uv":[0,0,16,16],"rotation":90,"texture":"#2"},"south":{"uv":[0,0,16,16],"rotation":90,"texture":"#2"},"west":{"uv":[0,0,16,16],"rotation":90,"texture":"#2"},"up":{"uv":[0,0,16,16],"rotation":90,"texture":"#2"},"down":{"uv":[0,0,16,16],"rotation":90,"texture":"#2"}}},{"from":[5.816,7.475,7.3425],"to":[6.041,11.2,7.6425],"rotation":{"angle":45,"axis":"y","origin":[5.92805,9.3875,7.50643]},"faces":{"north":{"uv":[0,0,16,16],"rotation":90,"texture":"#2"},"east":{"uv":[0,0,16,16],"rotation":90,"texture":"#2"},"south":{"uv":[0,0,16,16],"rotation":90,"texture":"#2"},"up":{"uv":[0,0,16,16],"rotation":90,"texture":"#2"}}},{"from":[5.6782,7.475,7.5184],"to":[5.9782,11.2,7.7434],"rotation":{"angle":-22.5,"axis":"y","origin":[5.82805,9.3875,7.63143]},"faces":{"north":{"uv":[0,0,16,16],"rotation":90,"texture":"#2"},"east":{"uv":[0,0,16,16],"rotation":90,"texture":"#2"},"south":{"uv":[0,0,16,16],"rotation":90,"texture":"#2"},"west":{"uv":[0,0,16,16],"rotation":90,"texture":"#2"},"up":{"uv":[0,0,16,16],"rotation":90,"texture":"#2"},"down":{"uv":[0,0,16,16],"rotation":90,"texture":"#2"}}},{"from":[10.5945,7.475,7.3121],"to":[10.8195,11.2,7.6121],"rotation":{"angle":-22.5,"axis":"y","origin":[10.86572,9.3875,7.51871]},"faces":{"north":{"uv":[0,0,16,16],"rotation":90,"texture":"#2"},"east":{"uv":[0,0,16,16],"rotation":90,"texture":"#2"},"south":{"uv":[0,0,16,16],"rotation":90,"texture":"#2"},"west":{"uv":[0,0,16,16],"rotation":90,"texture":"#2"},"up":{"uv":[0,0,16,16],"rotation":90,"texture":"#2"},"down":{"uv":[0,0,16,16],"rotation":90,"texture":"#2"}}},{"from":[10.744,7.475,7.3456],"to":[10.969,11.2,7.6456],"rotation":{"angle":-45,"axis":"y","origin":[10.86572,9.3875,7.51871]},"faces":{"north":{"uv":[0,0,16,16],"rotation":90,"texture":"#2"},"east":{"uv":[0,0,16,16],"rotation":90,"texture":"#2"},"south":{"uv":[0,0,16,16],"rotation":90,"texture":"#2"},"west":{"uv":[0,0,16,16],"rotation":90,"texture":"#2"},"up":{"uv":[0,0,16,16],"rotation":90,"texture":"#2"}}},{"from":[10.8145,7.475,7.523],"to":[11.1145,11.2,7.748],"rotation":{"angle":22.5,"axis":"y","origin":[10.95301,9.3875,7.63104]},"faces":{"east":{"uv":[0,0,16,16],"rotation":90,"texture":"#2"},"south":{"uv":[0,0,16,16],"rotation":90,"texture":"#2"},"west":{"uv":[0,0,16,16],"rotation":90,"texture":"#2"},"up":{"uv":[0,0,16,16],"rotation":90,"texture":"#2"},"down":{"uv":[0,0,16,16],"rotation":90,"texture":"#2"}}},{"from":[5.6468,7.475,7.6775],"to":[5.9468,11.2,9.2525],"rotation":{"angle":0,"axis":"y","origin":[5.80305,9.3875,7.80643]},"faces":{"east":{"uv":[0,0,16,16],"rotation":90,"texture":"#2"},"west":{"uv":[0,0,16,16],"rotation":90,"texture":"#2"}}},{"from":[5.6468,7.475,8.9525],"to":[5.9468,10.15,10.7025],"rotation":{"angle":0,"axis":"y","origin":[5.80305,9.3875,9.25643]},"faces":{"east":{"uv":[0,0,16,16],"rotation":90,"texture":"#2"},"west":{"uv":[0,0,16,16],"rotation":90,"texture":"#2"}}},{"from":[5.6468,7.475,8.3775],"to":[11.1468,10.175,10.9525],"rotation":{"angle":-22.5,"axis":"x","origin":[8.3968,9,10.5025]},"faces":{"north":{"uv":[0,0,16,16],"rotation":90,"texture":"#2"},"east":{"uv":[0,0,16,16],"rotation":90,"texture":"#2"},"south":{"uv":[0,0,16,16],"rotation":90,"texture":"#2"},"west":{"uv":[0,0,16,16],"rotation":90,"texture":"#2"},"up":{"uv":[0,0,16,16],"rotation":90,"texture":"#2"},"down":{"uv":[0,0,16,16],"rotation":90,"texture":"#2"}}},{"from":[5.6468,7.625,8.8025],"to":[11.1468,7.925,11.3775],"rotation":{"angle":0,"axis":"y","origin":[8.3968,9.15,10.9275]},"faces":{"east":{"uv":[0,0,16,16],"rotation":90,"texture":"#2"},"south":{"uv":[0,0,16,16],"rotation":90,"texture":"#2"},"west":{"uv":[0,0,16,16],"rotation":90,"texture":"#2"},"down":{"uv":[0,0,16,16],"rotation":90,"texture":"#2"}}},{"from":[10.8468,7.475,7.6775],"to":[11.1468,11.2,9.2525],"rotation":{"angle":0,"axis":"y","origin":[11.00305,9.3875,7.80643]},"faces":{"north":{"uv":[0,0,16,16],"rotation":90,"texture":"#2"},"east":{"uv":[0,0,16,16],"rotation":90,"texture":"#2"},"south":{"uv":[0,0,16,16],"rotation":90,"texture":"#2"},"west":{"uv":[0,0,16,16],"rotation":90,"texture":"#2"},"up":{"uv":[0,0,16,16],"rotation":90,"texture":"#2"}}},{"from":[6,2.5,7.125],"to":[10.795,5.1,11.625],"rotation":{"angle":0,"axis":"y","origin":[7.8,8.375,7.025]},"faces":{"north":{"uv":[0,0,16,16],"rotation":90,"texture":"#2"},"east":{"uv":[0,0,16,16],"rotation":90,"texture":"#2"},"south":{"uv":[0,0,16,16],"rotation":90,"texture":"#2"},"west":{"uv":[0,0,16,16],"rotation":90,"texture":"#2"},"up":{"uv":[0,0,16,16],"rotation":90,"texture":"#2"}}},{"from":[5.834,2.5,7.1265],"to":[6.059,5.1,8.1015],"rotation":{"angle":22.5,"axis":"y","origin":[6.025,9.5625,7.275]},"faces":{"north":{"uv":[0,0,16,16],"rotation":90,"texture":"#2"},"east":{"uv":[0,0,16,16],"rotation":90,"texture":"#2"},"west":{"uv":[0,0,16,16],"rotation":90,"texture":"#2"},"up":{"uv":[0,0,16,16],"rotation":90,"texture":"#2"},"down":{"uv":[0,0,16,16],"rotation":90,"texture":"#2"}}},{"from":[5.716,2.5,7.2425],"to":[5.941,5.1,8.0925],"rotation":{"angle":45,"axis":"y","origin":[5.82805,9.5625,7.40643]},"faces":{"north":{"uv":[0,0,16,16],"rotation":90,"texture":"#2"},"east":{"uv":[0,0,16,16],"rotation":90,"texture":"#2"},"up":{"uv":[0,0,16,16],"rotation":90,"texture":"#2"},"down":{"uv":[0,0,16,16],"rotation":90,"texture":"#2"}}},{"from":[5.5782,2.5,7.4184],"to":[7.1032,5.1,7.6434],"rotation":{"angle":-22.5,"axis":"y","origin":[5.72805,9.5625,7.53143]},"faces":{"north":{"uv":[0,0,16,16],"rotation":90,"texture":"#2"},"south":{"uv":[0,0,16,16],"rotation":90,"texture":"#2"},"west":{"uv":[0,0,16,16],"rotation":90,"texture":"#2"},"up":{"uv":[0,0,16,16],"rotation":90,"texture":"#2"},"down":{"uv":[0,0,16,16],"rotation":90,"texture":"#2"}}},{"from":[5.87,2.5,10.693],"to":[6.095,5.1,11.543],"rotation":{"angle":-22.5,"axis":"y","origin":[5.84072,2.875,11.34371]},"faces":{"east":{"uv":[0,0,16,16],"rotation":90,"texture":"#2"},"south":{"uv":[0,0,16,16],"rotation":90,"texture":"#2"},"west":{"uv":[0,0,16,16],"rotation":90,"texture":"#2"},"up":{"uv":[0,0,16,16],"rotation":90,"texture":"#2"},"down":{"uv":[0,0,16,16],"rotation":90,"texture":"#2"}}},{"from":[5.635,2.5,11.073],"to":[6.835,5.1,11.298],"rotation":{"angle":22.5,"axis":"y","origin":[5.84072,2.875,11.34371]},"faces":{"west":{"uv":[0,0,16,16],"rotation":90,"texture":"#2"},"up":{"uv":[0,0,16,16],"rotation":90,"texture":"#2"},"down":{"uv":[0,0,16,16],"rotation":90,"texture":"#2"}}},{"from":[5.668,2.5,11.222],"to":[6.493,5.1,11.447],"rotation":{"angle":45,"axis":"y","origin":[5.84072,2.875,11.34371]},"faces":{"north":{"uv":[0,0,16,16],"rotation":90,"texture":"#2"},"west":{"uv":[0,0,16,16],"rotation":90,"texture":"#2"},"up":{"uv":[0,0,16,16],"rotation":90,"texture":"#2"},"down":{"uv":[0,0,16,16],"rotation":90,"texture":"#2"}}},{"from":[9.136,2.5,11.076],"to":[11.161,5.1,11.301],"rotation":{"angle":-22.5,"axis":"y","origin":[10.96572,2.875,11.34371]},"faces":{"north":{"uv":[0,0,16,16],"rotation":90,"texture":"#2"},"east":{"uv":[0,0,16,16],"rotation":90,"texture":"#2"},"down":{"uv":[0,0,16,16],"rotation":90,"texture":"#2"}}},{"from":[10.7005,2.5,10.488],"to":[10.9255,5.1,11.538],"rotation":{"angle":22.5,"axis":"y","origin":[10.96572,2.875,11.34371]},"faces":{"east":{"uv":[0,0,16,16],"rotation":90,"texture":"#2"},"south":{"uv":[0,0,16,16],"rotation":90,"texture":"#2"},"west":{"uv":[0,0,16,16],"rotation":90,"texture":"#2"},"down":{"uv":[0,0,16,16],"rotation":90,"texture":"#2"}}},{"from":[10.855,2.5,10.583],"to":[11.08,5.1,11.508],"rotation":{"angle":45,"axis":"y","origin":[10.96572,2.875,11.34371]},"faces":{"east":{"uv":[0,0,16,16],"rotation":90,"texture":"#2"},"south":{"uv":[0,0,16,16],"rotation":90,"texture":"#2"},"west":{"uv":[0,0,16,16],"rotation":90,"texture":"#2"},"down":{"uv":[0,0,16,16],"rotation":90,"texture":"#2"}}},{"from":[10.6945,2.5,7.2121],"to":[10.9195,5.1,8.9621],"rotation":{"angle":-22.5,"axis":"y","origin":[10.96572,9.5625,7.41871]},"faces":{"north":{"uv":[0,0,16,16],"rotation":90,"texture":"#2"},"east":{"uv":[0,0,16,16],"rotation":90,"texture":"#2"},"west":{"uv":[0,0,16,16],"rotation":90,"texture":"#2"},"up":{"uv":[0,0,16,16],"rotation":90,"texture":"#2"},"down":{"uv":[0,0,16,16],"rotation":90,"texture":"#2"}}},{"from":[10.844,2.5,7.2456],"to":[11.069,5.1,8.6456],"rotation":{"angle":-45,"axis":"y","origin":[10.96572,9.5625,7.41871]},"faces":{"north":{"uv":[0,0,16,16],"rotation":90,"texture":"#2"},"east":{"uv":[0,0,16,16],"rotation":90,"texture":"#2"},"west":{"uv":[0,0,16,16],"rotation":90,"texture":"#2"},"up":{"uv":[0,0,16,16],"rotation":90,"texture":"#2"},"down":{"uv":[0,0,16,16],"rotation":90,"texture":"#2"}}},{"from":[9.2145,2.5,7.423],"to":[11.2145,5.1,7.648],"rotation":{"angle":22.5,"axis":"y","origin":[11.05301,9.5625,7.53104]},"faces":{"east":{"uv":[0,0,16,16],"rotation":90,"texture":"#2"},"south":{"uv":[0,0,16,16],"rotation":90,"texture":"#2"},"up":{"uv":[0,0,16,16],"rotation":90,"texture":"#2"},"down":{"uv":[0,0,16,16],"rotation":90,"texture":"#2"}}},{"from":[9.3718,2.5,7.5775],"to":[11.2468,5.1,11.1775],"rotation":{"angle":0,"axis":"y","origin":[11.10305,9.5625,7.65643]},"faces":{"north":{"uv":[0,0,16,16],"rotation":90,"texture":"#2"},"east":{"uv":[0,0,16,16],"rotation":90,"texture":"#2"},"south":{"uv":[0,0,16,16],"rotation":90,"texture":"#2"},"up":{"uv":[0,0,16,16],"rotation":90,"texture":"#2"}}},{"from":[5.5468,2.5,7.5275],"to":[8.7218,5.1,11.2275],"rotation":{"angle":0,"axis":"y","origin":[5.70305,9.5625,7.65643]},"faces":{"north":{"uv":[0,0,16,16],"rotation":90,"texture":"#2"},"south":{"uv":[0,0,16,16],"rotation":90,"texture":"#2"},"west":{"uv":[0,0,16,16],"rotation":90,"texture":"#2"},"up":{"uv":[0,0,16,16],"rotation":90,"texture":"#2"}}},{"from":[6,5.025,7.175],"to":[10.795,7.625,11.575],"rotation":{"angle":0,"axis":"y","origin":[7.8,10.9,7.025]},"faces":{"north":{"uv":[0,0,16,16],"rotation":90,"texture":"#2"},"east":{"uv":[0,0,16,16],"rotation":90,"texture":"#2"},"south":{"uv":[0,0,16,16],"rotation":90,"texture":"#2"},"west":{"uv":[0,0,16,16],"rotation":90,"texture":"#2"},"up":{"uv":[0,0,16,16],"rotation":90,"texture":"#2"}}},{"from":[5.884,5.025,7.1765],"to":[6.109,7.625,8.1515],"rotation":{"angle":22.5,"axis":"y","origin":[6.075,12.0875,7.325]},"faces":{"north":{"uv":[0,0,16,16],"rotation":90,"texture":"#2"},"east":{"uv":[0,0,16,16],"rotation":90,"texture":"#2"},"west":{"uv":[0,0,16,16],"rotation":90,"texture":"#2"},"up":{"uv":[0,0,16,16],"rotation":90,"texture":"#2"},"down":{"uv":[0,0,16,16],"rotation":90,"texture":"#2"}}},{"from":[5.766,5.025,7.2925],"to":[5.991,7.625,8.1425],"rotation":{"angle":45,"axis":"y","origin":[5.87805,12.0875,7.45643]},"faces":{"north":{"uv":[0,0,16,16],"rotation":90,"texture":"#2"},"east":{"uv":[0,0,16,16],"rotation":90,"texture":"#2"},"up":{"uv":[0,0,16,16],"rotation":90,"texture":"#2"},"down":{"uv":[0,0,16,16],"rotation":90,"texture":"#2"}}},{"from":[5.6282,5.025,7.4684],"to":[7.1532,7.625,7.6934],"rotation":{"angle":-22.5,"axis":"y","origin":[5.77805,12.0875,7.58143]},"faces":{"north":{"uv":[0,0,16,16],"rotation":90,"texture":"#2"},"south":{"uv":[0,0,16,16],"rotation":90,"texture":"#2"},"west":{"uv":[0,0,16,16],"rotation":90,"texture":"#2"},"up":{"uv":[0,0,16,16],"rotation":90,"texture":"#2"},"down":{"uv":[0,0,16,16],"rotation":90,"texture":"#2"}}},{"from":[5.92,5.025,10.643],"to":[6.145,7.625,11.493],"rotation":{"angle":-22.5,"axis":"y","origin":[5.89072,5.4,11.29371]},"faces":{"east":{"uv":[0,0,16,16],"rotation":90,"texture":"#2"},"south":{"uv":[0,0,16,16],"rotation":90,"texture":"#2"},"west":{"uv":[0,0,16,16],"rotation":90,"texture":"#2"},"up":{"uv":[0,0,16,16],"rotation":90,"texture":"#2"},"down":{"uv":[0,0,16,16],"rotation":90,"texture":"#2"}}},{"from":[5.685,5.025,11.023],"to":[6.885,7.625,11.248],"rotation":{"angle":22.5,"axis":"y","origin":[5.89072,5.4,11.29371]},"faces":{"west":{"uv":[0,0,16,16],"rotation":90,"texture":"#2"},"up":{"uv":[0,0,16,16],"rotation":90,"texture":"#2"},"down":{"uv":[0,0,16,16],"rotation":90,"texture":"#2"}}},{"from":[5.718,5.025,11.172],"to":[6.543,7.625,11.397],"rotation":{"angle":45,"axis":"y","origin":[5.89072,5.4,11.29371]},"faces":{"north":{"uv":[0,0,16,16],"rotation":90,"texture":"#2"},"west":{"uv":[0,0,16,16],"rotation":90,"texture":"#2"},"up":{"uv":[0,0,16,16],"rotation":90,"texture":"#2"},"down":{"uv":[0,0,16,16],"rotation":90,"texture":"#2"}}},{"from":[9.136,5.025,11.076],"to":[11.161,7.625,11.301],"rotation":{"angle":-22.5,"axis":"y","origin":[10.96572,5.4,11.34371]},"faces":{"north":{"uv":[0,0,16,16],"rotation":90,"texture":"#2"},"east":{"uv":[0,0,16,16],"rotation":90,"texture":"#2"},"up":{"uv":[0,0,16,16],"rotation":90,"texture":"#2"}}},{"from":[10.7005,5.025,10.488],"to":[10.9255,7.625,11.538],"rotation":{"angle":22.5,"axis":"y","origin":[10.96572,5.4,11.34371]},"faces":{"east":{"uv":[0,0,16,16],"rotation":90,"texture":"#2"},"south":{"uv":[0,0,16,16],"rotation":90,"texture":"#2"},"west":{"uv":[0,0,16,16],"rotation":90,"texture":"#2"},"up":{"uv":[0,0,16,16],"rotation":90,"texture":"#2"}}},{"from":[10.855,5.025,10.583],"to":[11.08,7.625,11.508],"rotation":{"angle":45,"axis":"y","origin":[10.96572,5.4,11.34371]},"faces":{"east":{"uv":[0,0,16,16],"rotation":90,"texture":"#2"},"south":{"uv":[0,0,16,16],"rotation":90,"texture":"#2"},"west":{"uv":[0,0,16,16],"rotation":90,"texture":"#2"},"up":{"uv":[0,0,16,16],"rotation":90,"texture":"#2"}}},{"from":[5.5968,5.025,7.5275],"to":[8.7718,7.625,11.2275],"rotation":{"angle":0,"axis":"y","origin":[5.75305,12.0875,7.65643]},"faces":{"north":{"uv":[0,0,16,16],"rotation":90,"texture":"#2"},"south":{"uv":[0,0,16,16],"rotation":90,"texture":"#2"},"west":{"uv":[0,0,16,16],"rotation":90,"texture":"#2"},"up":{"uv":[0,0,16,16],"rotation":90,"texture":"#2"}}},{"from":[10.6445,5.025,7.2621],"to":[10.8695,7.625,9.0121],"rotation":{"angle":-22.5,"axis":"y","origin":[10.91572,12.0875,7.46871]},"faces":{"north":{"uv":[0,0,16,16],"rotation":90,"texture":"#2"},"east":{"uv":[0,0,16,16],"rotation":90,"texture":"#2"},"west":{"uv":[0,0,16,16],"rotation":90,"texture":"#2"},"up":{"uv":[0,0,16,16],"rotation":90,"texture":"#2"},"down":{"uv":[0,0,16,16],"rotation":90,"texture":"#2"}}},{"from":[10.794,5.025,7.2956],"to":[11.019,7.625,8.6956],"rotation":{"angle":-45,"axis":"y","origin":[10.91572,12.0875,7.46871]},"faces":{"north":{"uv":[0,0,16,16],"rotation":90,"texture":"#2"},"east":{"uv":[0,0,16,16],"rotation":90,"texture":"#2"},"west":{"uv":[0,0,16,16],"rotation":90,"texture":"#2"},"up":{"uv":[0,0,16,16],"rotation":90,"texture":"#2"},"down":{"uv":[0,0,16,16],"rotation":90,"texture":"#2"}}},{"from":[9.1645,5.025,7.473],"to":[11.1645,7.625,7.698],"rotation":{"angle":22.5,"axis":"y","origin":[11.00301,12.0875,7.58104]},"faces":{"east":{"uv":[0,0,16,16],"rotation":90,"texture":"#2"},"south":{"uv":[0,0,16,16],"rotation":90,"texture":"#2"},"up":{"uv":[0,0,16,16],"rotation":90,"texture":"#2"},"down":{"uv":[0,0,16,16],"rotation":90,"texture":"#2"}}},{"from":[9.3218,5.025,7.5775],"to":[11.1968,7.625,11.1775],"rotation":{"angle":0,"axis":"y","origin":[11.05305,12.0875,7.65643]},"faces":{"north":{"uv":[0,0,16,16],"rotation":90,"texture":"#2"},"east":{"uv":[0,0,16,16],"rotation":90,"texture":"#2"},"up":{"uv":[0,0,16,16],"rotation":90,"texture":"#2"}}},{"from":[6.11555,10.90625,7.2525],"to":[10.69055,11.20625,7.8025],"rotation":{"angle":0,"axis":"y","origin":[7.45305,11.0625,7.38143]},"faces":{"north":{"uv":[0,0,16,16],"rotation":90,"texture":"#2"},"east":{"uv":[0,0,16,16],"rotation":90,"texture":"#2"},"west":{"uv":[0,0,16,16],"rotation":90,"texture":"#2"},"up":{"uv":[0,0,16,16],"rotation":90,"texture":"#2"}}},{"from":[5.64055,10.58125,7.6775],"to":[11.14055,11.20625,9.4025],"rotation":{"angle":0,"axis":"y","origin":[7.45305,11.0625,7.80643]},"faces":{"north":{"uv":[0,0,16,16],"rotation":90,"texture":"#2"},"east":{"uv":[0,0,16,16],"rotation":90,"texture":"#2"},"west":{"uv":[0,0,16,16],"rotation":90,"texture":"#2"},"up":{"uv":[0,0,16,16],"rotation":90,"texture":"#2"},"down":{"uv":[0,0,16,16],"rotation":90,"texture":"#2"}}},{"from":[5.64055,9.6905,9.321],"to":[11.14055,11.1155,10.096],"rotation":{"angle":22.5,"axis":"x","origin":[8.39055,10.95625,9.59]},"faces":{"north":{"uv":[0,0,16,16],"rotation":90,"texture":"#2"},"east":{"uv":[0,0,16,16],"rotation":90,"texture":"#2"},"west":{"uv":[0,0,16,16],"rotation":90,"texture":"#2"},"up":{"uv":[0,0,16,16],"rotation":90,"texture":"#2"},"down":{"uv":[0,0,16,16],"rotation":90,"texture":"#2"}}},{"from":[5.64055,8.49,9.906],"to":[11.14055,10.69,10.681],"rotation":{"angle":45,"axis":"x","origin":[8.39055,10.54445,10.27802]},"faces":{"north":{"uv":[0,0,16,16],"rotation":90,"texture":"#2"},"east":{"uv":[0,0,16,16],"rotation":90,"texture":"#2"},"south":{"uv":[0,0,16,16],"rotation":90,"texture":"#2"},"west":{"uv":[0,0,16,16],"rotation":90,"texture":"#2"},"up":{"uv":[0,0,16,16],"rotation":90,"texture":"#2"},"down":{"uv":[0,0,16,16],"rotation":90,"texture":"#2"}}},{"from":[5.64055,6.685,11.555],"to":[11.14055,10.485,11.98],"rotation":{"angle":-22.5,"axis":"x","origin":[8.39055,7.11945,11.62802]},"faces":{"north":{"uv":[0,0,16,16],"rotation":90,"texture":"#2"},"east":{"uv":[0,0,16,16],"rotation":90,"texture":"#2"},"south":{"uv":[0,0,16,16],"rotation":90,"texture":"#2"},"west":{"uv":[0,0,16,16],"rotation":90,"texture":"#2"},"up":{"uv":[0,0,16,16],"rotation":90,"texture":"#2"}}},{"from":[5.84055,10.90625,7.4775],"to":[10.94055,11.20625,8.0275],"rotation":{"angle":0,"axis":"y","origin":[7.45305,11.0625,7.60643]},"faces":{"north":{"uv":[0,0,16,16],"rotation":90,"texture":"#2"},"east":{"uv":[0,0,16,16],"rotation":90,"texture":"#2"},"west":{"uv":[0,0,16,16],"rotation":90,"texture":"#2"},"up":{"uv":[0,0,16,16],"rotation":90,"texture":"#2"},"down":{"uv":[0,0,16,16],"rotation":90,"texture":"#2"}}},{"from":[5.6218,6.78352,11.6408],"to":[11.1468,7.48352,12.1158],"rotation":{"angle":-22.5,"axis":"x","origin":[6.8718,6.90852,12.0158]},"faces":{"north":{"uv":[0,0,16,16],"rotation":90,"texture":"#2"},"east":{"uv":[0,0,16,16],"rotation":90,"texture":"#2"},"south":{"uv":[0,0,16,16],"rotation":90,"texture":"#2"},"west":{"uv":[0,0,16,16],"rotation":90,"texture":"#2"},"up":{"uv":[0,0,16,16],"rotation":90,"texture":"#2"},"down":{"uv":[0,0,16,16],"rotation":90,"texture":"#2"}}},{"from":[4.5718,2.625,7.8775],"to":[4.8218,4.325,10.8775],"rotation":{"angle":-45,"axis":"z","origin":[6.1593,3.375,9.3775]},"faces":{"north":{"uv":[0,0,16,16],"rotation":90,"texture":"#4"},"east":{"uv":[0,0,16,16],"rotation":90,"texture":"#4"},"south":{"uv":[0,0,16,16],"rotation":90,"texture":"#4"},"west":{"uv":[0,0,16,16],"rotation":90,"texture":"#4"},"down":{"uv":[0,0,16,16],"rotation":90,"texture":"#4"}}},{"from":[4.52717,2.875,9.3631],"to":[6.05217,4.3,9.5881],"rotation":{"angle":-22.5,"axis":"y","origin":[7.72993,3.625,9.78615]},"faces":{"north":{"uv":[0,0,16,16],"rotation":90,"texture":"#4"},"south":{"uv":[0,0,16,16],"rotation":90,"texture":"#4"},"west":{"uv":[0,0,16,16],"rotation":90,"texture":"#4"},"up":{"uv":[0,0,16,16],"rotation":90,"texture":"#4"},"down":{"uv":[0,0,16,16],"rotation":90,"texture":"#4"}}},{"from":[5.97189,2.875,7.13643],"to":[6.19689,4.5,8.11143],"rotation":{"angle":22.5,"axis":"y","origin":[7.72993,3.625,9.78615]},"faces":{"north":{"uv":[0,0,16,16],"rotation":90,"texture":"#4"},"east":{"uv":[0,0,16,16],"rotation":90,"texture":"#4"},"west":{"uv":[0,0,16,16],"rotation":90,"texture":"#4"},"up":{"uv":[0,0,16,16],"rotation":90,"texture":"#4"},"down":{"uv":[0,0,16,16],"rotation":90,"texture":"#4"}}},{"from":[6.89511,2.875,6.66538],"to":[7.12011,4.3,7.51538],"rotation":{"angle":45,"axis":"y","origin":[7.72993,3.625,9.78615]},"faces":{"north":{"uv":[0,0,16,16],"rotation":90,"texture":"#4"},"east":{"uv":[0,0,16,16],"rotation":90,"texture":"#4"},"up":{"uv":[0,0,16,16],"rotation":90,"texture":"#4"},"down":{"uv":[0,0,16,16],"rotation":90,"texture":"#4"}}},{"from":[5.19069,2.875,8.36926],"to":[6.01569,4.3,8.59426],"rotation":{"angle":45,"axis":"y","origin":[7.72993,3.625,9.78615]},"faces":{"north":{"uv":[0,0,16,16],"rotation":90,"texture":"#4"},"west":{"uv":[0,0,16,16],"rotation":90,"texture":"#4"},"up":{"uv":[0,0,16,16],"rotation":90,"texture":"#4"},"down":{"uv":[0,0,16,16],"rotation":90,"texture":"#4"}}},{"from":[4.84219,2.875,9.22448],"to":[6.04219,4.3,9.44948],"rotation":{"angle":22.5,"axis":"y","origin":[7.72993,3.625,9.78615]},"faces":{"west":{"uv":[0,0,16,16],"rotation":90,"texture":"#4"},"up":{"uv":[0,0,16,16],"rotation":90,"texture":"#4"},"down":{"uv":[0,0,16,16],"rotation":90,"texture":"#4"}}},{"from":[5.657,2.875,10.82618],"to":[5.882,4.5,11.67618],"rotation":{"angle":-22.5,"axis":"y","origin":[7.72993,3.625,9.78615]},"faces":{"east":{"uv":[0,0,16,16],"rotation":90,"texture":"#4"},"south":{"uv":[0,0,16,16],"rotation":90,"texture":"#4"},"west":{"uv":[0,0,16,16],"rotation":90,"texture":"#4"},"up":{"uv":[0,0,16,16],"rotation":90,"texture":"#4"},"down":{"uv":[0,0,16,16],"rotation":90,"texture":"#4"}}},{"from":[4.8468,2.875,8.3775],"to":[8.0218,4.3,10.3775],"rotation":{"angle":0,"axis":"y","origin":[7.72993,3.625,9.78615]},"faces":{"south":{"uv":[0,0,16,16],"rotation":90,"texture":"#4"},"west":{"uv":[0,0,16,16],"rotation":90,"texture":"#4"},"up":{"uv":[0,0,16,16],"rotation":90,"texture":"#4"}}},{"from":[5.3,2.875,7.925],"to":[7.895,4.7,10.825],"rotation":{"angle":0,"axis":"y","origin":[7.72993,3.625,9.78615]},"faces":{"north":{"uv":[0,0,16,16],"rotation":90,"texture":"#4"},"south":{"uv":[0,0,16,16],"rotation":90,"texture":"#4"},"west":{"uv":[0,0,16,16],"rotation":90,"texture":"#4"}}},{"from":[8.95055,2.875,9.99496],"to":[10.97555,4.3,10.21996],"rotation":{"angle":-22.5,"axis":"y","origin":[7.72993,3.625,9.78615]},"faces":{"up":{"uv":[0,0,16,16],"rotation":90,"texture":"#4"},"down":{"uv":[0,0,16,16],"rotation":90,"texture":"#4"}}},{"from":[8.34628,2.875,12.02594],"to":[8.57128,4.3,12.95094],"rotation":{"angle":45,"axis":"y","origin":[7.72993,3.625,9.78615]},"faces":{"up":{"uv":[0,0,16,16],"rotation":90,"texture":"#4"},"down":{"uv":[0,0,16,16],"rotation":90,"texture":"#4"}}},{"from":[11.86626,3.07258,7.87765],"to":[12.11626,4.77258,10.87765],"rotation":{"angle":45,"axis":"z","origin":[11.09125,3.65243,9.36508]},"faces":{"north":{"uv":[0,0,16,16],"rotation":90,"texture":"#4"},"east":{"uv":[0,0,16,16],"rotation":90,"texture":"#4"},"south":{"uv":[0,0,16,16],"rotation":90,"texture":"#4"},"west":{"uv":[0,0,16,16],"rotation":90,"texture":"#4"},"down":{"uv":[0,0,16,16],"rotation":90,"texture":"#4"}}},{"from":[10.68774,2.875,9.99651],"to":[12.21274,4.3,10.22151],"rotation":{"angle":-22.5,"axis":"y","origin":[11.09125,3.65243,9.36508]},"faces":{"north":{"uv":[0,0,16,16],"rotation":90,"texture":"#4"},"east":{"uv":[0,0,16,16],"rotation":90,"texture":"#4"},"south":{"uv":[0,0,16,16],"rotation":90,"texture":"#4"},"up":{"uv":[0,0,16,16],"rotation":90,"texture":"#4"},"down":{"uv":[0,0,16,16],"rotation":90,"texture":"#4"}}},{"from":[10.84616,2.875,9.87457],"to":[11.07116,4.5,10.84957],"rotation":{"angle":22.5,"axis":"y","origin":[11.09125,3.65243,9.36508]},"faces":{"east":{"uv":[0,0,16,16],"rotation":90,"texture":"#4"},"south":{"uv":[0,0,16,16],"rotation":90,"texture":"#4"},"west":{"uv":[0,0,16,16],"rotation":90,"texture":"#4"},"up":{"uv":[0,0,16,16],"rotation":90,"texture":"#4"},"down":{"uv":[0,0,16,16],"rotation":90,"texture":"#4"}}},{"from":[11.60502,2.875,9.72711],"to":[12.45502,4.3,9.95211],"rotation":{"angle":-45,"axis":"y","origin":[11.09125,3.65243,9.36508]},"faces":{"east":{"uv":[0,0,16,16],"rotation":90,"texture":"#4"},"south":{"uv":[0,0,16,16],"rotation":90,"texture":"#4"},"up":{"uv":[0,0,16,16],"rotation":90,"texture":"#4"},"down":{"uv":[0,0,16,16],"rotation":90,"texture":"#4"}}},{"from":[10.52614,2.875,8.02269],"to":[10.75114,4.3,8.84769],"rotation":{"angle":-45,"axis":"y","origin":[11.09125,3.65243,9.36508]},"faces":{"north":{"uv":[0,0,16,16],"rotation":90,"texture":"#4"},"east":{"uv":[0,0,16,16],"rotation":90,"texture":"#4"},"up":{"uv":[0,0,16,16],"rotation":90,"texture":"#4"},"down":{"uv":[0,0,16,16],"rotation":90,"texture":"#4"}}},{"from":[11.00087,2.875,8.53651],"to":[12.20087,4.3,8.76151],"rotation":{"angle":22.5,"axis":"y","origin":[11.09125,3.65243,9.36508]},"faces":{"east":{"uv":[0,0,16,16],"rotation":90,"texture":"#4"},"up":{"uv":[0,0,16,16],"rotation":90,"texture":"#4"},"down":{"uv":[0,0,16,16],"rotation":90,"texture":"#4"}}},{"from":[10.85791,2.875,7.90843],"to":[11.08291,4.5,8.75843],"rotation":{"angle":-22.5,"axis":"y","origin":[11.09125,3.65243,9.36508]},"faces":{"north":{"uv":[0,0,16,16],"rotation":90,"texture":"#4"},"east":{"uv":[0,0,16,16],"rotation":90,"texture":"#4"},"west":{"uv":[0,0,16,16],"rotation":90,"texture":"#4"},"up":{"uv":[0,0,16,16],"rotation":90,"texture":"#4"},"down":{"uv":[0,0,16,16],"rotation":90,"texture":"#4"}}},{"from":[8.71069,2.875,8.37765],"to":[11.88569,4.3,10.37765],"rotation":{"angle":0,"axis":"y","origin":[11.09125,3.65243,9.36508]},"faces":{"north":{"uv":[0,0,16,16],"rotation":90,"texture":"#4"},"east":{"uv":[0,0,16,16],"rotation":90,"texture":"#4"},"up":{"uv":[0,0,16,16],"rotation":90,"texture":"#4"}}},{"from":[8.83749,2.875,7.93015],"to":[11.43249,4.7,10.83015],"rotation":{"angle":0,"axis":"y","origin":[11.09125,3.65243,9.36508]},"faces":{"north":{"uv":[0,0,16,16],"rotation":90,"texture":"#4"},"east":{"uv":[0,0,16,16],"rotation":90,"texture":"#4"},"south":{"uv":[0,0,16,16],"rotation":90,"texture":"#4"}}},{"from":[6.65,2.875,7.9],"to":[10.145,4.55,12.45],"rotation":{"angle":0,"axis":"y","origin":[7.8,9.525,7.85]},"faces":{"east":{"uv":[0,0,16,16],"rotation":90,"texture":"#4"},"south":{"uv":[0,0,16,16],"rotation":90,"texture":"#4"},"west":{"uv":[0,0,16,16],"rotation":90,"texture":"#4"},"up":{"uv":[0,0,16,16],"rotation":90,"texture":"#4"}}},{"from":[6.2,5.45695,9.31805],"to":[10.595,5.63195,11.44305],"rotation":{"angle":45,"axis":"x","origin":[8.3975,3.35695,10.43055]},"faces":{"east":{"uv":[0,0,16,16],"rotation":90,"texture":"#4"},"south":{"uv":[0,0,16,16],"rotation":90,"texture":"#4"},"west":{"uv":[0,0,16,16],"rotation":90,"texture":"#4"},"up":{"uv":[0,0,16,16],"rotation":90,"texture":"#4"},"down":{"uv":[0,0,16,16],"rotation":90,"texture":"#4"}}},{"from":[6.368,2.875,12.047],"to":[7.193,4.55,12.272],"rotation":{"angle":45,"axis":"y","origin":[6.54072,4.025,12.16871]},"faces":{"north":{"uv":[0,0,16,16],"rotation":90,"texture":"#4"},"west":{"uv":[0,0,16,16],"rotation":90,"texture":"#4"},"up":{"uv":[0,0,16,16],"rotation":90,"texture":"#4"},"down":{"uv":[0,0,16,16],"rotation":90,"texture":"#4"}}},{"from":[6.335,2.875,11.898],"to":[7.535,4.775,12.123],"rotation":{"angle":22.5,"axis":"y","origin":[6.54072,4.025,12.16871]},"faces":{"south":{"uv":[0,0,16,16],"rotation":90,"texture":"#4"},"west":{"uv":[0,0,16,16],"rotation":90,"texture":"#4"},"up":{"uv":[0,0,16,16],"rotation":90,"texture":"#4"},"down":{"uv":[0,0,16,16],"rotation":90,"texture":"#4"}}},{"from":[6.57,2.875,11.518],"to":[6.795,4.55,12.368],"rotation":{"angle":-22.5,"axis":"y","origin":[6.54072,4.025,12.16871]},"faces":{"east":{"uv":[0,0,16,16],"rotation":90,"texture":"#4"},"south":{"uv":[0,0,16,16],"rotation":90,"texture":"#4"},"west":{"uv":[0,0,16,16],"rotation":90,"texture":"#4"},"up":{"uv":[0,0,16,16],"rotation":90,"texture":"#4"},"down":{"uv":[0,0,16,16],"rotation":90,"texture":"#4"}}},{"from":[8.436,2.875,11.901],"to":[10.461,4.775,12.126],"rotation":{"angle":-22.5,"axis":"y","origin":[10.26572,4.025,12.16871]},"faces":{"north":{"uv":[0,0,16,16],"rotation":90,"texture":"#4"},"east":{"uv":[0,0,16,16],"rotation":90,"texture":"#4"},"south":{"uv":[0,0,16,16],"rotation":90,"texture":"#4"},"up":{"uv":[0,0,16,16],"rotation":90,"texture":"#4"},"down":{"uv":[0,0,16,16],"rotation":90,"texture":"#4"}}},{"from":[10.0005,2.875,11.313],"to":[10.2255,4.55,12.363],"rotation":{"angle":22.5,"axis":"y","origin":[10.26572,4.025,12.16871]},"faces":{"east":{"uv":[0,0,16,16],"rotation":90,"texture":"#4"},"south":{"uv":[0,0,16,16],"rotation":90,"texture":"#4"},"up":{"uv":[0,0,16,16],"rotation":90,"texture":"#4"},"down":{"uv":[0,0,16,16],"rotation":90,"texture":"#4"}}},{"from":[10.155,2.875,11.408],"to":[10.38,4.55,12.333],"rotation":{"angle":45,"axis":"y","origin":[10.26572,4.025,12.16871]},"faces":{"east":{"uv":[0,0,16,16],"rotation":90,"texture":"#4"},"south":{"uv":[0,0,16,16],"rotation":90,"texture":"#4"},"west":{"uv":[0,0,16,16],"rotation":90,"texture":"#4"},"up":{"uv":[0,0,16,16],"rotation":90,"texture":"#4"},"down":{"uv":[0,0,16,16],"rotation":90,"texture":"#4"}}},{"from":[6.2468,2.875,11.4275],"to":[10.5468,4.9,12.0525],"rotation":{"angle":0,"axis":"y","origin":[6.35305,10.7125,8.95643]},"faces":{"east":{"uv":[0,0,16,16],"rotation":90,"texture":"#4"},"south":{"uv":[0,0,16,16],"rotation":90,"texture":"#4"},"west":{"uv":[0,0,16,16],"rotation":90,"texture":"#4"}}},{"from":[6.2468,3.25,11.4275],"to":[10.5468,5.075,11.8775],"rotation":{"angle":0,"axis":"y","origin":[6.35305,11.0875,8.95643]},"faces":{"east":{"uv":[0,0,16,16],"rotation":90,"texture":"#4"},"west":{"uv":[0,0,16,16],"rotation":90,"texture":"#4"}}},{"from":[6.2468,3.425,11.2775],"to":[10.5468,5.25,11.7275],"rotation":{"angle":0,"axis":"y","origin":[6.35305,11.2625,8.80643]},"faces":{"east":{"uv":[0,0,16,16],"rotation":90,"texture":"#4"},"west":{"uv":[0,0,16,16],"rotation":90,"texture":"#4"}}},{"from":[8.21069,5.77985,8.7025],"to":[11.38569,6.30485,9.9525],"rotation":{"angle":0,"axis":"y","origin":[10.59125,5.52743,8.19008]},"faces":{"north":{"uv":[0,0,16,16],"rotation":90,"texture":"#4"},"east":{"uv":[0,0,16,16],"rotation":90,"texture":"#4"},"down":{"uv":[0,0,16,16],"rotation":90,"texture":"#4"}}},{"from":[8.21069,6.1,8.37765],"to":[11.38569,7.15,10.27765],"rotation":{"angle":0,"axis":"y","origin":[10.59125,6.87743,9.36508]},"faces":{"north":{"uv":[0,0,16,16],"rotation":90,"texture":"#4"},"east":{"uv":[0,0,16,16],"rotation":90,"texture":"#4"},"south":{"uv":[0,0,16,16],"rotation":90,"texture":"#4"},"up":{"uv":[0,0,16,16],"rotation":90,"texture":"#4"},"down":{"uv":[0,0,16,16],"rotation":90,"texture":"#4"}}},{"from":[8.21069,5.2,8.62765],"to":[11.38569,5.725,9.10265],"rotation":{"angle":45,"axis":"x","origin":[10.59125,5.97743,9.61508]},"faces":{"north":{"uv":[0,0,16,16],"rotation":90,"texture":"#4"},"east":{"uv":[0,0,16,16],"rotation":90,"texture":"#4"},"down":{"uv":[0,0,16,16],"rotation":90,"texture":"#4"}}},{"from":[8.21069,5.73985,8.98765],"to":[11.38569,6.21485,9.51265],"rotation":{"angle":45,"axis":"x","origin":[10.59125,5.22743,9.76508]},"faces":{"east":{"uv":[0,0,16,16],"rotation":90,"texture":"#4"},"south":{"uv":[0,0,16,16],"rotation":90,"texture":"#4"},"up":{"uv":[0,0,16,16],"rotation":90,"texture":"#4"},"down":{"uv":[0,0,16,16],"rotation":90,"texture":"#4"}}},{"from":[5.41069,5.77985,8.7025],"to":[8.58569,6.30485,9.9525],"rotation":{"angle":0,"axis":"y","origin":[7.79125,5.52743,8.19008]},"faces":{"north":{"uv":[0,0,16,16],"rotation":90,"texture":"#4"},"west":{"uv":[0,0,16,16],"rotation":90,"texture":"#4"},"down":{"uv":[0,0,16,16],"rotation":90,"texture":"#4"}}},{"from":[5.41069,6.1,8.37765],"to":[8.58569,7.15,10.27765],"rotation":{"angle":0,"axis":"y","origin":[7.79125,6.87743,9.36508]},"faces":{"north":{"uv":[0,0,16,16],"rotation":90,"texture":"#4"},"south":{"uv":[0,0,16,16],"rotation":90,"texture":"#4"},"west":{"uv":[0,0,16,16],"rotation":90,"texture":"#4"},"up":{"uv":[0,0,16,16],"rotation":90,"texture":"#4"},"down":{"uv":[0,0,16,16],"rotation":90,"texture":"#4"}}},{"from":[5.41069,5.2,8.62765],"to":[8.58569,5.725,9.10265],"rotation":{"angle":45,"axis":"x","origin":[7.79125,5.97743,9.61508]},"faces":{"north":{"uv":[0,0,16,16],"rotation":90,"texture":"#4"},"west":{"uv":[0,0,16,16],"rotation":90,"texture":"#4"},"down":{"uv":[0,0,16,16],"rotation":90,"texture":"#4"}}},{"from":[5.41069,5.73985,8.98765],"to":[8.58569,6.21485,9.51265],"rotation":{"angle":45,"axis":"x","origin":[7.79125,5.22743,9.76508]},"faces":{"south":{"uv":[0,0,16,16],"rotation":90,"texture":"#4"},"west":{"uv":[0,0,16,16],"rotation":90,"texture":"#4"},"up":{"uv":[0,0,16,16],"rotation":90,"texture":"#4"},"down":{"uv":[0,0,16,16],"rotation":90,"texture":"#4"}}},{"from":[7.713,10.6,8.15],"to":[7.858,11.525,8.7],"rotation":{"angle":0,"axis":"y","origin":[7.85,10.075,8.35]},"faces":{"north":{"uv":[0,0,1,1],"rotation":90,"texture":"#1"},"east":{"uv":[0,0,1,1],"rotation":90,"texture":"#1"},"south":{"uv":[0,0,1,1],"rotation":90,"texture":"#1"},"west":{"uv":[0,0,1,1],"rotation":90,"texture":"#1"}}},{"from":[7.463,10.6,7.9],"to":[9.333,11.225,8.95],"rotation":{"angle":0,"axis":"y","origin":[7.85,10.075,8.35]},"faces":{"north":{"uv":[0,0,1,1],"rotation":90,"texture":"#1"},"east":{"uv":[0,0,1,1],"rotation":90,"texture":"#1"},"south":{"uv":[0,0,1,1],"rotation":90,"texture":"#1"},"west":{"uv":[0,0,1,1],"rotation":90,"texture":"#1"},"up":{"uv":[0,0,1,1],"rotation":90,"texture":"#1"}}},{"from":[8.95,10.625,8.15],"to":[9.095,11.525,8.7],"rotation":{"angle":0,"axis":"y","origin":[8.4975,11.85,8.55]},"faces":{"north":{"uv":[0,0,1,1],"rotation":90,"texture":"#1"},"east":{"uv":[0,0,1,1],"rotation":90,"texture":"#1"},"south":{"uv":[0,0,1,1],"rotation":90,"texture":"#1"},"west":{"uv":[0,0,1,1],"rotation":90,"texture":"#1"},"up":{"uv":[0,0,1,1],"rotation":90,"texture":"#1"}}},{"from":[8.8995,11.297,8.15],"to":[9.0445,11.572,8.7],"rotation":{"angle":22.5,"axis":"z","origin":[8.4975,11.5375,8.55]},"faces":{"north":{"uv":[0,0,1,1],"rotation":90,"texture":"#1"},"east":{"uv":[0,0,1,1],"rotation":90,"texture":"#1"},"south":{"uv":[0,0,1,1],"rotation":90,"texture":"#1"},"west":{"uv":[0,0,1,1],"rotation":90,"texture":"#1"}}},{"from":[8.839,11.332,8.15],"to":[8.984,11.607,8.7],"rotation":{"angle":45,"axis":"z","origin":[8.4475,11.5625,8.55]},"faces":{"north":{"uv":[0,0,1,1],"rotation":90,"texture":"#1"},"east":{"uv":[0,0,1,1],"rotation":90,"texture":"#1"},"south":{"uv":[0,0,1,1],"rotation":90,"texture":"#1"},"west":{"uv":[0,0,1,1],"rotation":90,"texture":"#1"},"down":{"uv":[0,0,1,1],"rotation":90,"texture":"#1"}}},{"from":[8.331,11.959,8.15],"to":[8.606,12.104,8.7],"rotation":{"angle":-22.5,"axis":"z","origin":[8.3725,11.5625,8.55]},"faces":{"north":{"uv":[0,0,1,1],"rotation":90,"texture":"#1"},"east":{"uv":[0,0,1,1],"rotation":90,"texture":"#1"},"south":{"uv":[0,0,1,1],"rotation":90,"texture":"#1"},"west":{"uv":[0,0,1,1],"rotation":90,"texture":"#1"},"up":{"uv":[0,0,1,1],"rotation":90,"texture":"#1"},"down":{"uv":[0,0,1,1],"rotation":90,"texture":"#1"}}},{"from":[8.2665,11.9335,8.15],"to":[8.5415,12.0785,8.7],"rotation":{"angle":0,"axis":"y","origin":[8.2975,11.5625,8.55]},"faces":{"north":{"uv":[0,0,1,1],"rotation":90,"texture":"#1"},"south":{"uv":[0,0,1,1],"rotation":90,"texture":"#1"},"west":{"uv":[0,0,1,1],"rotation":90,"texture":"#1"},"up":{"uv":[0,0,1,1],"rotation":90,"texture":"#1"},"down":{"uv":[0,0,1,1],"rotation":90,"texture":"#1"}}},{"from":[8.205,11.8735,8.15],"to":[8.48,12.0185,8.7],"rotation":{"angle":22.5,"axis":"z","origin":[8.2225,11.5125,8.55]},"faces":{"north":{"uv":[0,0,1,1],"rotation":90,"texture":"#1"},"east":{"uv":[0,0,1,1],"rotation":90,"texture":"#1"},"south":{"uv":[0,0,1,1],"rotation":90,"texture":"#1"},"west":{"uv":[0,0,1,1],"rotation":90,"texture":"#1"},"up":{"uv":[0,0,1,1],"rotation":90,"texture":"#1"},"down":{"uv":[0,0,1,1],"rotation":90,"texture":"#1"}}},{"from":[8.171,11.802,8.15],"to":[8.446,11.947,8.7],"rotation":{"angle":45,"axis":"z","origin":[8.1975,11.4375,8.55]},"faces":{"north":{"uv":[0,0,1,1],"rotation":90,"texture":"#1"},"east":{"uv":[0,0,1,1],"rotation":90,"texture":"#1"},"south":{"uv":[0,0,1,1],"rotation":90,"texture":"#1"},"west":{"uv":[0,0,1,1],"rotation":90,"texture":"#1"},"up":{"uv":[0,0,1,1],"rotation":90,"texture":"#1"},"down":{"uv":[0,0,1,1],"rotation":90,"texture":"#1"}}},{"from":[7.687,11.327,8.15],"to":[7.832,11.602,8.7],"rotation":{"angle":-22.5,"axis":"z","origin":[8.1975,11.3625,8.55]},"faces":{"north":{"uv":[0,0,1,1],"rotation":90,"texture":"#1"},"east":{"uv":[0,0,1,1],"rotation":90,"texture":"#1"},"south":{"uv":[0,0,1,1],"rotation":90,"texture":"#1"},"west":{"uv":[0,0,1,1],"rotation":90,"texture":"#1"},"up":{"uv":[0,0,1,1],"rotation":90,"texture":"#1"},"down":{"uv":[0,0,1,1],"rotation":90,"texture":"#1"}}},{"from":[9.825,9.988,7.093],"to":[10.145,10.288,8.468],"rotation":{"angle":22.5,"axis":"x","origin":[7.85,9.925,7.75]},"faces":{"east":{"uv":[0,0,1,1],"rotation":90,"texture":"#1"},"south":{"uv":[0,0,1,1],"rotation":90,"texture":"#1"},"west":{"uv":[0,0,1,1],"rotation":90,"texture":"#1"},"up":{"uv":[0,0,1,1],"rotation":90,"texture":"#1"},"down":{"uv":[0,0,1,1],"rotation":90,"texture":"#1"}}},{"from":[9.825,9.79,6.362],"to":[10.145,10.09,7.737],"rotation":{"angle":-45,"axis":"x","origin":[7.85,9.75,7]},"faces":{"east":{"uv":[0,0,1,1],"rotation":90,"texture":"#1"},"west":{"uv":[0,0,1,1],"rotation":90,"texture":"#1"},"up":{"uv":[0,0,1,1],"rotation":90,"texture":"#1"},"down":{"uv":[0,0,1,1],"rotation":90,"texture":"#1"}}},{"from":[9.825,3.792,6.308],"to":[10.145,9.542,6.608],"rotation":{"angle":0,"axis":"y","origin":[7.85,8.8,6.65]},"faces":{"north":{"uv":[0,0,1,1],"rotation":90,"texture":"#1"},"east":{"uv":[0,0,1,1],"rotation":90,"texture":"#1"},"south":{"uv":[0,0,1,1],"rotation":90,"texture":"#1"},"west":{"uv":[0,0,1,1],"rotation":90,"texture":"#1"},"up":{"uv":[0,0,1,1],"rotation":90,"texture":"#1"}}},{"from":[9.825,2.41,6.308],"to":[10.145,3.91,6.608],"rotation":{"angle":-45,"axis":"x","origin":[9.985,3.85,6.45]},"faces":{"north":{"uv":[0,0,1,1],"rotation":90,"texture":"#1"},"east":{"uv":[0,0,1,1],"rotation":90,"texture":"#1"},"south":{"uv":[0,0,1,1],"rotation":90,"texture":"#1"},"west":{"uv":[0,0,1,1],"rotation":90,"texture":"#1"},"up":{"uv":[0,0,1,1],"rotation":90,"texture":"#1"}}},{"from":[9.825,7.625,8.9],"to":[10.145,9.975,9.2],"rotation":{"angle":-22.5,"axis":"x","origin":[7.85,8.35,8.85]},"faces":{"north":{"uv":[0,0,1,1],"rotation":90,"texture":"#1"},"east":{"uv":[0,0,1,1],"rotation":90,"texture":"#1"},"south":{"uv":[0,0,1,1],"rotation":90,"texture":"#1"},"west":{"uv":[0,0,1,1],"rotation":90,"texture":"#1"}}},{"from":[6.65,2.825,8.925],"to":[6.97,8.675,9.3],"rotation":{"angle":0,"axis":"y","origin":[4.675,7,8.95]},"faces":{"east":{"uv":[0,0,1,1],"rotation":90,"texture":"#1"},"west":{"uv":[0,0,1,1],"rotation":90,"texture":"#1"}}},{"from":[9.825,2.85,7.1],"to":[10.145,10.2,7.475],"rotation":{"angle":0,"axis":"y","origin":[7.85,7.525,7.125]},"faces":{"north":{"uv":[0,0,1,1],"rotation":90,"texture":"#1"},"east":{"uv":[0,0,1,1],"rotation":90,"texture":"#1"},"west":{"uv":[0,0,1,1],"rotation":90,"texture":"#1"},"down":{"uv":[0,0,1,1],"rotation":90,"texture":"#1"}}},{"from":[6.65,9.71342,5.7831],"to":[6.97,10.01342,7.1581],"rotation":{"angle":22.5,"axis":"x","origin":[5.2225,6.49506,7.78525]},"faces":{"east":{"uv":[0,0,1,1],"rotation":90,"texture":"#1"},"south":{"uv":[0,0,1,1],"rotation":90,"texture":"#1"},"west":{"uv":[0,0,1,1],"rotation":90,"texture":"#1"},"up":{"uv":[0,0,1,1],"rotation":90,"texture":"#1"},"down":{"uv":[0,0,1,1],"rotation":90,"texture":"#1"}}},{"from":[6.65,9.3919,8.89359],"to":[6.97,9.6919,10.26859],"rotation":{"angle":-45,"axis":"x","origin":[5.2225,6.49506,7.78525]},"faces":{"east":{"uv":[0,0,1,1],"rotation":90,"texture":"#1"},"west":{"uv":[0,0,1,1],"rotation":90,"texture":"#1"},"up":{"uv":[0,0,1,1],"rotation":90,"texture":"#1"},"down":{"uv":[0,0,1,1],"rotation":90,"texture":"#1"}}},{"from":[6.65,3.792,6.308],"to":[6.97,9.542,6.608],"rotation":{"angle":0,"axis":"y","origin":[5.2225,6.49506,7.78525]},"faces":{"north":{"uv":[0,0,1,1],"rotation":90,"texture":"#1"},"east":{"uv":[0,0,1,1],"rotation":90,"texture":"#1"},"south":{"uv":[0,0,1,1],"rotation":90,"texture":"#1"},"west":{"uv":[0,0,1,1],"rotation":90,"texture":"#1"},"up":{"uv":[0,0,1,1],"rotation":90,"texture":"#1"}}},{"from":[6.65,4.12888,4.82875],"to":[6.97,5.62888,5.12875],"rotation":{"angle":-45,"axis":"x","origin":[5.2225,6.49506,7.78525]},"faces":{"north":{"uv":[0,0,1,1],"rotation":90,"texture":"#1"},"east":{"uv":[0,0,1,1],"rotation":90,"texture":"#1"},"south":{"uv":[0,0,1,1],"rotation":90,"texture":"#1"},"west":{"uv":[0,0,1,1],"rotation":90,"texture":"#1"},"up":{"uv":[0,0,1,1],"rotation":90,"texture":"#1"}}},{"from":[6.65,7.07634,9.52881],"to":[6.97,9.42634,9.82881],"rotation":{"angle":-22.5,"axis":"x","origin":[5.2225,6.49506,7.78525]},"faces":{"north":{"uv":[0,0,1,1],"rotation":90,"texture":"#1"},"east":{"uv":[0,0,1,1],"rotation":90,"texture":"#1"},"south":{"uv":[0,0,1,1],"rotation":90,"texture":"#1"},"west":{"uv":[0,0,1,1],"rotation":90,"texture":"#1"}}},{"from":[6.65,2.85,7.1],"to":[6.97,10.2,7.475],"rotation":{"angle":0,"axis":"y","origin":[5.2225,6.49506,7.23525]},"faces":{"north":{"uv":[0,0,1,1],"rotation":90,"texture":"#1"},"east":{"uv":[0,0,1,1],"rotation":90,"texture":"#1"},"west":{"uv":[0,0,1,1],"rotation":90,"texture":"#1"},"down":{"uv":[0,0,1,1],"rotation":90,"texture":"#1"}}},{"from":[5.084,2.7,7.8765],"to":[5.309,2.95,8.8515],"rotation":{"angle":22.5,"axis":"y","origin":[5.275,9.7625,8.025]},"faces":{"north":{"uv":[0,0,1,1],"rotation":90,"texture":"#1"},"east":{"uv":[0,0,1,1],"rotation":90,"texture":"#1"},"west":{"uv":[0,0,1,1],"rotation":90,"texture":"#1"},"up":{"uv":[0,0,1,1],"rotation":90,"texture":"#1"},"down":{"uv":[0,0,1,1],"rotation":90,"texture":"#1"}}},{"from":[4.966,2.7,7.9925],"to":[5.191,2.95,8.8425],"rotation":{"angle":45,"axis":"y","origin":[5.07805,9.7625,8.15643]},"faces":{"north":{"uv":[0,0,1,1],"rotation":90,"texture":"#1"},"east":{"uv":[0,0,1,1],"rotation":90,"texture":"#1"},"up":{"uv":[0,0,1,1],"rotation":90,"texture":"#1"},"down":{"uv":[0,0,1,1],"rotation":90,"texture":"#1"}}},{"from":[4.8282,2.7,8.1684],"to":[6.3532,2.95,8.3934],"rotation":{"angle":-22.5,"axis":"y","origin":[4.97805,9.7625,8.28143]},"faces":{"north":{"uv":[0,0,1,1],"rotation":90,"texture":"#1"},"south":{"uv":[0,0,1,1],"rotation":90,"texture":"#1"},"west":{"uv":[0,0,1,1],"rotation":90,"texture":"#1"},"up":{"uv":[0,0,1,1],"rotation":90,"texture":"#1"},"down":{"uv":[0,0,1,1],"rotation":90,"texture":"#1"}}},{"from":[4.918,2.7,10.472],"to":[5.743,2.95,10.697],"rotation":{"angle":45,"axis":"y","origin":[5.09072,3.075,10.59371]},"faces":{"north":{"uv":[0,0,1,1],"rotation":90,"texture":"#1"},"west":{"uv":[0,0,1,1],"rotation":90,"texture":"#1"},"up":{"uv":[0,0,1,1],"rotation":90,"texture":"#1"},"down":{"uv":[0,0,1,1],"rotation":90,"texture":"#1"}}},{"from":[4.885,2.7,10.323],"to":[6.085,2.95,10.548],"rotation":{"angle":22.5,"axis":"y","origin":[5.09072,3.075,10.59371]},"faces":{"west":{"uv":[0,0,1,1],"rotation":90,"texture":"#1"},"up":{"uv":[0,0,1,1],"rotation":90,"texture":"#1"},"down":{"uv":[0,0,1,1],"rotation":90,"texture":"#1"}}},{"from":[5.12,2.7,9.943],"to":[5.345,2.95,10.793],"rotation":{"angle":-22.5,"axis":"y","origin":[5.09072,3.075,10.59371]},"faces":{"east":{"uv":[0,0,1,1],"rotation":90,"texture":"#1"},"south":{"uv":[0,0,1,1],"rotation":90,"texture":"#1"},"west":{"uv":[0,0,1,1],"rotation":90,"texture":"#1"},"up":{"uv":[0,0,1,1],"rotation":90,"texture":"#1"},"down":{"uv":[0,0,1,1],"rotation":90,"texture":"#1"}}},{"from":[4.7968,2.7,8.3275],"to":[7.9718,2.95,10.4275],"rotation":{"angle":0,"axis":"y","origin":[4.95305,9.7625,7.65643]},"faces":{"south":{"uv":[0,0,1,1],"rotation":90,"texture":"#1"},"west":{"uv":[0,0,1,1],"rotation":90,"texture":"#1"},"up":{"uv":[0,0,1,1],"rotation":90,"texture":"#1"},"down":{"uv":[0,0,1,1],"rotation":90,"texture":"#1"}}},{"from":[5.25,2.7,7.875],"to":[7.845,2.95,10.875],"rotation":{"angle":0,"axis":"y","origin":[7.1,8.575,7.025]},"faces":{"north":{"uv":[0,0,1,1],"rotation":90,"texture":"#1"},"south":{"uv":[0,0,1,1],"rotation":90,"texture":"#1"},"west":{"uv":[0,0,1,1],"rotation":90,"texture":"#1"},"up":{"uv":[0,0,1,1],"rotation":90,"texture":"#1"},"down":{"uv":[0,0,1,1],"rotation":90,"texture":"#1"}}},{"from":[8.486,2.7,11.126],"to":[10.511,2.95,11.351],"rotation":{"angle":-22.5,"axis":"y","origin":[10.31572,3.075,11.39371]},"faces":{"up":{"uv":[0,0,1,1],"rotation":90,"texture":"#1"},"down":{"uv":[0,0,1,1],"rotation":90,"texture":"#1"}}},{"from":[10.205,2.7,10.633],"to":[10.43,2.95,11.558],"rotation":{"angle":45,"axis":"y","origin":[10.31572,3.075,11.39371]},"faces":{"up":{"uv":[0,0,1,1],"rotation":90,"texture":"#1"},"down":{"uv":[0,0,1,1],"rotation":90,"texture":"#1"}}},{"from":[6.65,2.65,7.9],"to":[10.145,3.175,12.5],"rotation":{"angle":0,"axis":"y","origin":[7.8,8.525,7.85]},"faces":{"east":{"uv":[0,0,1,1],"rotation":90,"texture":"#1"},"south":{"uv":[0,0,1,1],"rotation":90,"texture":"#1"},"west":{"uv":[0,0,1,1],"rotation":90,"texture":"#1"},"up":{"uv":[0,0,1,1],"rotation":90,"texture":"#1"},"down":{"uv":[0,0,1,1],"rotation":90,"texture":"#1"}}},{"from":[6.318,2.65,12.097],"to":[7.143,3.175,12.322],"rotation":{"angle":45,"axis":"y","origin":[6.49072,3.025,12.21871]},"faces":{"north":{"uv":[0,0,1,1],"rotation":90,"texture":"#1"},"west":{"uv":[0,0,1,1],"rotation":90,"texture":"#1"},"up":{"uv":[0,0,1,1],"rotation":90,"texture":"#1"},"down":{"uv":[0,0,1,1],"rotation":90,"texture":"#1"}}},{"from":[6.285,2.65,11.948],"to":[7.485,3.175,12.173],"rotation":{"angle":22.5,"axis":"y","origin":[6.49072,3.025,12.21871]},"faces":{"west":{"uv":[0,0,1,1],"rotation":90,"texture":"#1"},"up":{"uv":[0,0,1,1],"rotation":90,"texture":"#1"},"down":{"uv":[0,0,1,1],"rotation":90,"texture":"#1"}}},{"from":[6.52,2.65,11.568],"to":[6.745,3.175,12.418],"rotation":{"angle":-22.5,"axis":"y","origin":[6.49072,3.025,12.21871]},"faces":{"east":{"uv":[0,0,1,1],"rotation":90,"texture":"#1"},"south":{"uv":[0,0,1,1],"rotation":90,"texture":"#1"},"west":{"uv":[0,0,1,1],"rotation":90,"texture":"#1"},"up":{"uv":[0,0,1,1],"rotation":90,"texture":"#1"},"down":{"uv":[0,0,1,1],"rotation":90,"texture":"#1"}}},{"from":[8.486,2.65,11.951],"to":[10.511,3.175,12.176],"rotation":{"angle":-22.5,"axis":"y","origin":[10.31572,3.025,12.21871]},"faces":{"north":{"uv":[0,0,1,1],"rotation":90,"texture":"#1"},"east":{"uv":[0,0,1,1],"rotation":90,"texture":"#1"},"up":{"uv":[0,0,1,1],"rotation":90,"texture":"#1"},"down":{"uv":[0,0,1,1],"rotation":90,"texture":"#1"}}},{"from":[10.0505,2.65,11.363],"to":[10.2755,3.175,12.413],"rotation":{"angle":22.5,"axis":"y","origin":[10.31572,3.025,12.21871]},"faces":{"east":{"uv":[0,0,1,1],"rotation":90,"texture":"#1"},"south":{"uv":[0,0,1,1],"rotation":90,"texture":"#1"},"west":{"uv":[0,0,1,1],"rotation":90,"texture":"#1"},"up":{"uv":[0,0,1,1],"rotation":90,"texture":"#1"},"down":{"uv":[0,0,1,1],"rotation":90,"texture":"#1"}}},{"from":[10.205,2.65,11.458],"to":[10.43,3.175,12.383],"rotation":{"angle":45,"axis":"y","origin":[10.31572,3.025,12.21871]},"faces":{"east":{"uv":[0,0,1,1],"rotation":90,"texture":"#1"},"south":{"uv":[0,0,1,1],"rotation":90,"texture":"#1"},"west":{"uv":[0,0,1,1],"rotation":90,"texture":"#1"},"up":{"uv":[0,0,1,1],"rotation":90,"texture":"#1"},"down":{"uv":[0,0,1,1],"rotation":90,"texture":"#1"}}},{"from":[6.1968,2.65,11.4275],"to":[10.5968,3.175,12.0525],"rotation":{"angle":0,"axis":"y","origin":[6.35305,9.7125,8.95643]},"faces":{"east":{"uv":[0,0,1,1],"rotation":90,"texture":"#1"},"south":{"uv":[0,0,1,1],"rotation":90,"texture":"#1"},"west":{"uv":[0,0,1,1],"rotation":90,"texture":"#1"},"up":{"uv":[0,0,1,1],"rotation":90,"texture":"#1"},"down":{"uv":[0,0,1,1],"rotation":90,"texture":"#1"}}},{"from":[8.2,3.85234,12.25375],"to":[8.595,4.02734,13.07875],"rotation":{"angle":-45,"axis":"x","origin":[8.3975,3.93984,12.66625]},"faces":{"east":{"uv":[0,0,1,1],"rotation":90,"texture":"#1"},"west":{"uv":[0,0,1,1],"rotation":90,"texture":"#1"},"up":{"uv":[0,0,1,1],"rotation":90,"texture":"#1"},"down":{"uv":[0,0,1,1],"rotation":90,"texture":"#1"}}},{"from":[8.2,5.43195,10.66805],"to":[8.595,5.58195,11.74305],"rotation":{"angle":45,"axis":"x","origin":[8.3975,3.33195,10.68055]},"faces":{"north":{"uv":[0,0,1,1],"rotation":90,"texture":"#1"},"east":{"uv":[0,0,1,1],"rotation":90,"texture":"#1"},"south":{"uv":[0,0,1,1],"rotation":90,"texture":"#1"},"west":{"uv":[0,0,1,1],"rotation":90,"texture":"#1"},"up":{"uv":[0,0,1,1],"rotation":90,"texture":"#1"},"down":{"uv":[0,0,1,1],"rotation":90,"texture":"#1"}}},{"from":[8.2,3.40234,12.32875],"to":[8.595,3.80234,12.50375],"rotation":{"angle":0,"axis":"y","origin":[8.3975,3.43984,12.41625]},"faces":{"east":{"uv":[0,0,1,1],"rotation":90,"texture":"#1"},"south":{"uv":[0,0,1,1],"rotation":90,"texture":"#1"},"west":{"uv":[0,0,1,1],"rotation":90,"texture":"#1"}}},{"from":[6.5968,6.05,11.5275],"to":[7.1468,7.575,11.7275],"rotation":{"angle":0,"axis":"y","origin":[4.60305,9.3875,8.35643]},"faces":{"east":{"uv":[0,0,1,1],"rotation":90,"texture":"#1"},"south":{"uv":[0,0,1,1],"rotation":90,"texture":"#1"},"west":{"uv":[0,0,1,1],"rotation":90,"texture":"#1"},"down":{"uv":[0,0,1,1],"rotation":90,"texture":"#1"}}},{"from":[6.5968,6.25857,10.24393],"to":[6.7468,6.45857,12.44393],"rotation":{"angle":0,"axis":"y","origin":[4.60305,3.3375,8.43143]},"faces":{"east":{"uv":[0,0,1,1],"rotation":90,"texture":"#1"},"west":{"uv":[0,0,1,1],"rotation":90,"texture":"#1"},"up":{"uv":[0,0,1,1],"rotation":90,"texture":"#1"},"down":{"uv":[0,0,1,1],"rotation":90,"texture":"#1"}}},{"from":[6.9968,6.25857,10.24393],"to":[7.1468,6.45857,12.44393],"rotation":{"angle":0,"axis":"y","origin":[4.60305,3.3375,8.43143]},"faces":{"east":{"uv":[0,0,1,1],"rotation":90,"texture":"#1"},"west":{"uv":[0,0,1,1],"rotation":90,"texture":"#1"},"up":{"uv":[0,0,1,1],"rotation":90,"texture":"#1"},"down":{"uv":[0,0,1,1],"rotation":90,"texture":"#1"}}},{"from":[6.7468,6.23352,13.0158],"to":[6.9968,6.70852,13.2158],"rotation":{"angle":-45,"axis":"x","origin":[8.3718,5.53352,13.1158]},"faces":{"north":{"uv":[0,0,1,1],"rotation":90,"texture":"#1"},"east":{"uv":[0,0,1,1],"rotation":90,"texture":"#1"},"south":{"uv":[0,0,1,1],"rotation":90,"texture":"#1"},"west":{"uv":[0,0,1,1],"rotation":90,"texture":"#1"},"up":{"uv":[0,0,1,1],"rotation":90,"texture":"#1"},"down":{"uv":[0,0,1,1],"rotation":90,"texture":"#1"}}},{"from":[6.7468,4.85,10.8775],"to":[6.9968,7.2,11.0775],"rotation":{"angle":-22.5,"axis":"x","origin":[4.60305,9.0125,7.95643]},"faces":{"north":{"uv":[0,0,1,1],"rotation":90,"texture":"#1"},"east":{"uv":[0,0,1,1],"rotation":90,"texture":"#1"},"south":{"uv":[0,0,1,1],"rotation":90,"texture":"#1"},"west":{"uv":[0,0,1,1],"rotation":90,"texture":"#1"},"up":{"uv":[0,0,1,1],"rotation":90,"texture":"#1"}}},{"from":[9.5968,6.05,11.5275],"to":[10.1468,7.575,11.7275],"rotation":{"angle":0,"axis":"y","origin":[7.60305,9.3875,8.35643]},"faces":{"east":{"uv":[0,0,1,1],"rotation":90,"texture":"#1"},"south":{"uv":[0,0,1,1],"rotation":90,"texture":"#1"},"west":{"uv":[0,0,1,1],"rotation":90,"texture":"#1"},"down":{"uv":[0,0,1,1],"rotation":90,"texture":"#1"}}},{"from":[9.5968,6.25857,10.24393],"to":[9.7468,6.45857,12.44393],"rotation":{"angle":0,"axis":"y","origin":[7.60305,3.3375,8.43143]},"faces":{"east":{"uv":[0,0,1,1],"rotation":90,"texture":"#1"},"west":{"uv":[0,0,1,1],"rotation":90,"texture":"#1"},"up":{"uv":[0,0,1,1],"rotation":90,"texture":"#1"},"down":{"uv":[0,0,1,1],"rotation":90,"texture":"#1"}}},{"from":[9.9968,6.25857,10.24393],"to":[10.1468,6.45857,12.44393],"rotation":{"angle":0,"axis":"y","origin":[7.60305,3.3375,8.43143]},"faces":{"east":{"uv":[0,0,1,1],"rotation":90,"texture":"#1"},"west":{"uv":[0,0,1,1],"rotation":90,"texture":"#1"},"up":{"uv":[0,0,1,1],"rotation":90,"texture":"#1"},"down":{"uv":[0,0,1,1],"rotation":90,"texture":"#1"}}},{"from":[9.7468,4.85,10.8775],"to":[9.9968,7.2,11.0775],"rotation":{"angle":-22.5,"axis":"x","origin":[7.60305,9.0125,7.95643]},"faces":{"north":{"uv":[0,0,1,1],"rotation":90,"texture":"#1"},"east":{"uv":[0,0,1,1],"rotation":90,"texture":"#1"},"south":{"uv":[0,0,1,1],"rotation":90,"texture":"#1"},"west":{"uv":[0,0,1,1],"rotation":90,"texture":"#1"},"up":{"uv":[0,0,1,1],"rotation":90,"texture":"#1"}}},{"from":[9.7468,6.23352,13.0158],"to":[9.9968,6.70852,13.2158],"rotation":{"angle":-45,"axis":"x","origin":[8.3718,5.53352,13.1158]},"faces":{"north":{"uv":[0,0,1,1],"rotation":90,"texture":"#1"},"east":{"uv":[0,0,1,1],"rotation":90,"texture":"#1"},"south":{"uv":[0,0,1,1],"rotation":90,"texture":"#1"},"west":{"uv":[0,0,1,1],"rotation":90,"texture":"#1"},"up":{"uv":[0,0,1,1],"rotation":90,"texture":"#1"},"down":{"uv":[0,0,1,1],"rotation":90,"texture":"#1"}}},{"from":[4.76747,3.23087,9.2525],"to":[4.89247,3.50587,9.5025],"rotation":{"angle":0,"axis":"y","origin":[4.82997,3.14337,9.3775]},"faces":{"north":{"uv":[0,0,1,1],"rotation":90,"texture":"#1"},"south":{"uv":[0,0,1,1],"rotation":90,"texture":"#1"},"west":{"uv":[0,0,1,1],"rotation":90,"texture":"#1"}}},{"from":[3.9718,4.15,9.2525],"to":[4.0468,5.025,9.5025],"rotation":{"angle":45,"axis":"z","origin":[5.5093,4.925,9.3775]},"faces":{"north":{"uv":[0,0,1,1],"rotation":90,"texture":"#1"},"east":{"uv":[0,0,1,1],"rotation":90,"texture":"#1"},"south":{"uv":[0,0,1,1],"rotation":90,"texture":"#1"},"west":{"uv":[0,0,1,1],"rotation":90,"texture":"#1"},"up":{"uv":[0,0,1,1],"rotation":90,"texture":"#1"}}},{"from":[4.4468,2.6,9.2525],"to":[4.5218,3.475,9.5025],"rotation":{"angle":-45,"axis":"z","origin":[5.9843,3.375,9.3775]},"faces":{"north":{"uv":[0,0,1,1],"rotation":90,"texture":"#1"},"east":{"uv":[0,0,1,1],"rotation":90,"texture":"#1"},"south":{"uv":[0,0,1,1],"rotation":90,"texture":"#1"},"west":{"uv":[0,0,1,1],"rotation":90,"texture":"#1"},"up":{"uv":[0,0,1,1],"rotation":90,"texture":"#1"},"down":{"uv":[0,0,1,1],"rotation":90,"texture":"#1"}}},{"from":[11.84003,3.23087,9.25265],"to":[11.96503,3.50587,9.50265],"rotation":{"angle":0,"axis":"y","origin":[11.09125,3.65243,9.36508]},"faces":{"north":{"uv":[0,0,1,1],"rotation":90,"texture":"#1"},"east":{"uv":[0,0,1,1],"rotation":90,"texture":"#1"},"south":{"uv":[0,0,1,1],"rotation":90,"texture":"#1"}}},{"from":[11.99,3.17383,9.25265],"to":[12.065,4.04883,9.50265],"rotation":{"angle":-45,"axis":"z","origin":[12.0275,3.61133,9.37765]},"faces":{"north":{"uv":[0,0,1,1],"rotation":90,"texture":"#1"},"east":{"uv":[0,0,1,1],"rotation":90,"texture":"#1"},"south":{"uv":[0,0,1,1],"rotation":90,"texture":"#1"},"west":{"uv":[0,0,1,1],"rotation":90,"texture":"#1"}}},{"from":[11.9972,3.74557,9.25265],"to":[12.0722,4.62057,9.50265],"rotation":{"angle":45,"axis":"z","origin":[12.0347,4.18307,9.37765]},"faces":{"north":{"uv":[0,0,1,1],"rotation":90,"texture":"#1"},"east":{"uv":[0,0,1,1],"rotation":90,"texture":"#1"},"south":{"uv":[0,0,1,1],"rotation":90,"texture":"#1"},"west":{"uv":[0,0,1,1],"rotation":90,"texture":"#1"},"up":{"uv":[0,0,1,1],"rotation":90,"texture":"#1"},"down":{"uv":[0,0,1,1],"rotation":90,"texture":"#1"}}},{"from":[5.95,1.8,7.075],"to":[10.845,2.55,11.675],"rotation":{"angle":0,"axis":"y","origin":[7.8,7.675,7.025]},"faces":{"north":{"uv":[0,0,1,1],"rotation":90,"texture":"#1"},"east":{"uv":[0,0,1,1],"rotation":90,"texture":"#1"},"south":{"uv":[0,0,1,1],"rotation":90,"texture":"#1"},"west":{"uv":[0,0,1,1],"rotation":90,"texture":"#1"},"up":{"uv":[0,0,1,1],"rotation":90,"texture":"#1"},"down":{"uv":[0,0,1,1],"rotation":90,"texture":"#1"}}},{"from":[5.784,1.8,7.0765],"to":[6.009,2.55,8.0515],"rotation":{"angle":22.5,"axis":"y","origin":[5.975,8.8625,7.225]},"faces":{"north":{"uv":[0,0,1,1],"rotation":90,"texture":"#1"},"east":{"uv":[0,0,1,1],"rotation":90,"texture":"#1"},"west":{"uv":[0,0,1,1],"rotation":90,"texture":"#1"},"up":{"uv":[0,0,1,1],"rotation":90,"texture":"#1"},"down":{"uv":[0,0,1,1],"rotation":90,"texture":"#1"}}},{"from":[5.666,1.8,7.1925],"to":[5.891,2.55,8.0425],"rotation":{"angle":45,"axis":"y","origin":[5.77805,8.8625,7.35643]},"faces":{"north":{"uv":[0,0,1,1],"rotation":90,"texture":"#1"},"east":{"uv":[0,0,1,1],"rotation":90,"texture":"#1"},"up":{"uv":[0,0,1,1],"rotation":90,"texture":"#1"},"down":{"uv":[0,0,1,1],"rotation":90,"texture":"#1"}}},{"from":[5.5282,1.8,7.3684],"to":[7.0532,2.55,7.5934],"rotation":{"angle":-22.5,"axis":"y","origin":[5.67805,8.8625,7.48143]},"faces":{"north":{"uv":[0,0,1,1],"rotation":90,"texture":"#1"},"south":{"uv":[0,0,1,1],"rotation":90,"texture":"#1"},"west":{"uv":[0,0,1,1],"rotation":90,"texture":"#1"},"up":{"uv":[0,0,1,1],"rotation":90,"texture":"#1"},"down":{"uv":[0,0,1,1],"rotation":90,"texture":"#1"}}},{"from":[5.82,1.8,10.743],"to":[6.045,2.55,11.593],"rotation":{"angle":-22.5,"axis":"y","origin":[5.79072,2.175,11.39371]},"faces":{"east":{"uv":[0,0,1,1],"rotation":90,"texture":"#1"},"south":{"uv":[0,0,1,1],"rotation":90,"texture":"#1"},"west":{"uv":[0,0,1,1],"rotation":90,"texture":"#1"},"up":{"uv":[0,0,1,1],"rotation":90,"texture":"#1"},"down":{"uv":[0,0,1,1],"rotation":90,"texture":"#1"}}},{"from":[5.585,1.8,11.123],"to":[6.785,2.55,11.348],"rotation":{"angle":22.5,"axis":"y","origin":[5.79072,2.175,11.39371]},"faces":{"west":{"uv":[0,0,1,1],"rotation":90,"texture":"#1"},"up":{"uv":[0,0,1,1],"rotation":90,"texture":"#1"},"down":{"uv":[0,0,1,1],"rotation":90,"texture":"#1"}}},{"from":[5.618,1.8,11.272],"to":[6.443,2.55,11.497],"rotation":{"angle":45,"axis":"y","origin":[5.79072,2.175,11.39371]},"faces":{"north":{"uv":[0,0,1,1],"rotation":90,"texture":"#1"},"west":{"uv":[0,0,1,1],"rotation":90,"texture":"#1"},"up":{"uv":[0,0,1,1],"rotation":90,"texture":"#1"},"down":{"uv":[0,0,1,1],"rotation":90,"texture":"#1"}}},{"from":[9.186,1.8,11.126],"to":[11.211,2.55,11.351],"rotation":{"angle":-22.5,"axis":"y","origin":[11.01572,2.175,11.39371]},"faces":{"north":{"uv":[0,0,1,1],"rotation":90,"texture":"#1"},"east":{"uv":[0,0,1,1],"rotation":90,"texture":"#1"},"up":{"uv":[0,0,1,1],"rotation":90,"texture":"#1"},"down":{"uv":[0,0,1,1],"rotation":90,"texture":"#1"}}},{"from":[10.7505,1.8,10.538],"to":[10.9755,2.55,11.588],"rotation":{"angle":22.5,"axis":"y","origin":[11.01572,2.175,11.39371]},"faces":{"east":{"uv":[0,0,1,1],"rotation":90,"texture":"#1"},"south":{"uv":[0,0,1,1],"rotation":90,"texture":"#1"},"west":{"uv":[0,0,1,1],"rotation":90,"texture":"#1"},"up":{"uv":[0,0,1,1],"rotation":90,"texture":"#1"},"down":{"uv":[0,0,1,1],"rotation":90,"texture":"#1"}}},{"from":[10.905,1.8,10.633],"to":[11.13,2.55,11.558],"rotation":{"angle":45,"axis":"y","origin":[11.01572,2.175,11.39371]},"faces":{"east":{"uv":[0,0,1,1],"rotation":90,"texture":"#1"},"south":{"uv":[0,0,1,1],"rotation":90,"texture":"#1"},"west":{"uv":[0,0,1,1],"rotation":90,"texture":"#1"},"up":{"uv":[0,0,1,1],"rotation":90,"texture":"#1"},"down":{"uv":[0,0,1,1],"rotation":90,"texture":"#1"}}},{"from":[5.4968,1.8,7.5275],"to":[8.6718,2.55,11.2275],"rotation":{"angle":0,"axis":"y","origin":[5.65305,8.8625,7.65643]},"faces":{"south":{"uv":[0,0,1,1],"rotation":90,"texture":"#1"},"west":{"uv":[0,0,1,1],"rotation":90,"texture":"#1"},"up":{"uv":[0,0,1,1],"rotation":90,"texture":"#1"},"down":{"uv":[0,0,1,1],"rotation":90,"texture":"#1"}}},{"from":[10.7445,1.8,7.1621],"to":[10.9695,2.55,8.9121],"rotation":{"angle":-22.5,"axis":"y","origin":[11.01572,8.8625,7.36871]},"faces":{"north":{"uv":[0,0,1,1],"rotation":90,"texture":"#1"},"east":{"uv":[0,0,1,1],"rotation":90,"texture":"#1"},"west":{"uv":[0,0,1,1],"rotation":90,"texture":"#1"},"up":{"uv":[0,0,1,1],"rotation":90,"texture":"#1"},"down":{"uv":[0,0,1,1],"rotation":90,"texture":"#1"}}},{"from":[10.894,1.8,7.1956],"to":[11.119,2.55,8.5956],"rotation":{"angle":-45,"axis":"y","origin":[11.01572,8.8625,7.36871]},"faces":{"north":{"uv":[0,0,1,1],"rotation":90,"texture":"#1"},"east":{"uv":[0,0,1,1],"rotation":90,"texture":"#1"},"west":{"uv":[0,0,1,1],"rotation":90,"texture":"#1"},"up":{"uv":[0,0,1,1],"rotation":90,"texture":"#1"},"down":{"uv":[0,0,1,1],"rotation":90,"texture":"#1"}}},{"from":[9.2645,1.8,7.373],"to":[11.2645,2.55,7.598],"rotation":{"angle":22.5,"axis":"y","origin":[11.10301,8.8625,7.48104]},"faces":{"east":{"uv":[0,0,1,1],"rotation":90,"texture":"#1"},"south":{"uv":[0,0,1,1],"rotation":90,"texture":"#1"},"up":{"uv":[0,0,1,1],"rotation":90,"texture":"#1"},"down":{"uv":[0,0,1,1],"rotation":90,"texture":"#1"}}},{"from":[9.4218,1.8,7.5275],"to":[11.2968,2.55,11.2275],"rotation":{"angle":0,"axis":"y","origin":[11.15305,8.8625,7.65643]},"faces":{"north":{"uv":[0,0,1,1],"rotation":90,"texture":"#1"},"east":{"uv":[0,0,1,1],"rotation":90,"texture":"#1"},"south":{"uv":[0,0,1,1],"rotation":90,"texture":"#1"},"up":{"uv":[0,0,1,1],"rotation":90,"texture":"#1"},"down":{"uv":[0,0,1,1],"rotation":90,"texture":"#1"}}},{"from":[10.87322,2.7,9.9399],"to":[11.09822,2.95,10.9149],"rotation":{"angle":22.5,"axis":"y","origin":[11.09125,3.65243,9.36508]},"faces":{"east":{"uv":[0,0,1,1],"rotation":90,"texture":"#1"},"south":{"uv":[0,0,1,1],"rotation":90,"texture":"#1"},"west":{"uv":[0,0,1,1],"rotation":90,"texture":"#1"},"up":{"uv":[0,0,1,1],"rotation":90,"texture":"#1"},"down":{"uv":[0,0,1,1],"rotation":90,"texture":"#1"}}},{"from":[11.67573,2.7,9.72711],"to":[12.52573,2.95,9.95211],"rotation":{"angle":-45,"axis":"y","origin":[11.09125,3.65243,9.36508]},"faces":{"east":{"uv":[0,0,1,1],"rotation":90,"texture":"#1"},"south":{"uv":[0,0,1,1],"rotation":90,"texture":"#1"},"up":{"uv":[0,0,1,1],"rotation":90,"texture":"#1"},"down":{"uv":[0,0,1,1],"rotation":90,"texture":"#1"}}},{"from":[10.75307,2.7,10.02357],"to":[12.27807,2.95,10.24857],"rotation":{"angle":-22.5,"axis":"y","origin":[11.09125,3.65243,9.36508]},"faces":{"north":{"uv":[0,0,1,1],"rotation":90,"texture":"#1"},"east":{"uv":[0,0,1,1],"rotation":90,"texture":"#1"},"south":{"uv":[0,0,1,1],"rotation":90,"texture":"#1"},"up":{"uv":[0,0,1,1],"rotation":90,"texture":"#1"},"down":{"uv":[0,0,1,1],"rotation":90,"texture":"#1"}}},{"from":[10.52614,2.7,7.95198],"to":[10.75114,2.95,8.77698],"rotation":{"angle":-45,"axis":"y","origin":[11.09125,3.65243,9.36508]},"faces":{"north":{"uv":[0,0,1,1],"rotation":90,"texture":"#1"},"east":{"uv":[0,0,1,1],"rotation":90,"texture":"#1"},"up":{"uv":[0,0,1,1],"rotation":90,"texture":"#1"},"down":{"uv":[0,0,1,1],"rotation":90,"texture":"#1"}}},{"from":[11.0662,2.7,8.50945],"to":[12.2662,2.95,8.73445],"rotation":{"angle":22.5,"axis":"y","origin":[11.09125,3.65243,9.36508]},"faces":{"east":{"uv":[0,0,1,1],"rotation":90,"texture":"#1"},"up":{"uv":[0,0,1,1],"rotation":90,"texture":"#1"},"down":{"uv":[0,0,1,1],"rotation":90,"texture":"#1"}}},{"from":[10.88497,2.7,7.8431],"to":[11.10997,2.95,8.6931],"rotation":{"angle":-22.5,"axis":"y","origin":[11.09125,3.65243,9.36508]},"faces":{"north":{"uv":[0,0,1,1],"rotation":90,"texture":"#1"},"east":{"uv":[0,0,1,1],"rotation":90,"texture":"#1"},"west":{"uv":[0,0,1,1],"rotation":90,"texture":"#1"},"up":{"uv":[0,0,1,1],"rotation":90,"texture":"#1"},"down":{"uv":[0,0,1,1],"rotation":90,"texture":"#1"}}},{"from":[8.76069,2.7,8.32765],"to":[11.93569,2.95,10.42765],"rotation":{"angle":0,"axis":"y","origin":[11.09125,3.65243,9.36508]},"faces":{"north":{"uv":[0,0,1,1],"rotation":90,"texture":"#1"},"east":{"uv":[0,0,1,1],"rotation":90,"texture":"#1"},"up":{"uv":[0,0,1,1],"rotation":90,"texture":"#1"},"down":{"uv":[0,0,1,1],"rotation":90,"texture":"#1"}}},{"from":[8.88749,2.7,7.88015],"to":[11.48249,2.95,10.88015],"rotation":{"angle":0,"axis":"y","origin":[11.09125,3.65243,9.36508]},"faces":{"north":{"uv":[0,0,1,1],"rotation":90,"texture":"#1"},"east":{"uv":[0,0,1,1],"rotation":90,"texture":"#1"},"south":{"uv":[0,0,1,1],"rotation":90,"texture":"#1"},"up":{"uv":[0,0,1,1],"rotation":90,"texture":"#1"},"down":{"uv":[0,0,1,1],"rotation":90,"texture":"#1"}}},{"from":[9.5718,5.98352,12.2408],"to":[10.1718,6.53352,12.4908],"rotation":{"angle":22.5,"axis":"x","origin":[8.3718,6.25852,12.3658]},"faces":{"north":{"uv":[2,0,3,1],"rotation":90,"texture":"#1"},"east":{"uv":[2,0,3,1],"rotation":90,"texture":"#1"},"south":{"uv":[2,0,3,1],"rotation":90,"texture":"#1"},"west":{"uv":[2,0,3,1],"rotation":90,"texture":"#1"},"up":{"uv":[2,0,3,1],"rotation":90,"texture":"#1"},"down":{"uv":[2,0,3,1],"rotation":90,"texture":"#1"}}},{"from":[6.5718,5.98352,12.2408],"to":[7.1718,6.53352,12.4908],"rotation":{"angle":22.5,"axis":"x","origin":[8.3718,6.25852,12.3658]},"faces":{"north":{"uv":[2,0,3,1],"rotation":90,"texture":"#1"},"east":{"uv":[2,0,3,1],"rotation":90,"texture":"#1"},"south":{"uv":[2,0,3,1],"rotation":90,"texture":"#1"},"west":{"uv":[2,0,3,1],"rotation":90,"texture":"#1"},"up":{"uv":[2,0,3,1],"rotation":90,"texture":"#1"},"down":{"uv":[2,0,3,1],"rotation":90,"texture":"#1"}}},{"from":[11.79003,3.23087,9.17765],"to":[12.04003,3.40587,9.60265],"rotation":{"angle":0,"axis":"y","origin":[11.09125,3.65243,9.36508]},"faces":{"north":{"uv":[2,0,3,1],"rotation":90,"texture":"#1"},"east":{"uv":[2,0,3,1],"rotation":90,"texture":"#1"},"south":{"uv":[2,0,3,1],"rotation":90,"texture":"#1"},"up":{"uv":[2,0,3,1],"rotation":90,"texture":"#1"},"down":{"uv":[2,0,3,1],"rotation":90,"texture":"#1"}}},{"from":[4.69247,3.23087,9.1525],"to":[4.94247,3.40587,9.5775],"rotation":{"angle":0,"axis":"y","origin":[4.82997,3.14337,9.3775]},"faces":{"north":{"uv":[2,0,3,1],"rotation":90,"texture":"#1"},"south":{"uv":[2,0,3,1],"rotation":90,"texture":"#1"},"west":{"uv":[2,0,3,1],"rotation":90,"texture":"#1"},"up":{"uv":[2,0,3,1],"rotation":90,"texture":"#1"},"down":{"uv":[2,0,3,1],"rotation":90,"texture":"#1"}}},{"from":[8.1,3.32734,12.42875],"to":[8.695,3.57734,12.60375],"rotation":{"angle":0,"axis":"y","origin":[8.3975,3.36484,12.51625]},"faces":{"east":{"uv":[2,0,3,1],"rotation":90,"texture":"#1"},"south":{"uv":[2,0,3,1],"rotation":90,"texture":"#1"},"west":{"uv":[2,0,3,1],"rotation":90,"texture":"#1"},"up":{"uv":[2,0,3,1],"rotation":90,"texture":"#1"},"down":{"uv":[2,0,3,1],"rotation":90,"texture":"#1"}}}]}