{"elements":[{"faces":{"down":{"uv":[16,16,0,0],"texture":"#bottom","cullface":"down","tintindex":0},"up":{"uv":[0,0,16,16],"texture":"#top","cullface":"up","tintindex":0},"north":{"uv":[0,0,16,16],"texture":"#all","cullface":"north","tintindex":0},"south":{"uv":[0,0,16,16],"texture":"#all","cullface":"south","tintindex":0},"west":{"uv":[0,0,16,16],"texture":"#all","cullface":"west","tintindex":0},"east":{"uv":[0,0,16,16],"texture":"#all","cullface":"east","tintindex":0}},"from":[0,0,0],"to":[16,16,16]},{"faces":{"west":{"uv":[0,0,16,16],"texture":"#bushy_bottom","tintindex":0},"east":{"uv":[0,0,16,16],"texture":"#bushy_bottom","tintindex":0}},"from":[13.9375,-8,-6.875],"to":[13.9385,24,25.125],"rotation":{"origin":[14.0625,-10,-6.6875],"axis":"y","angle":-22.5},"shade":false},{"faces":{"north":{"uv":[0,0,16,16],"texture":"#bushy_bottom","tintindex":0},"south":{"uv":[0,0,16,16],"texture":"#bushy_bottom","tintindex":0}},"from":[-7.1875,-8,1.625],"to":[24.8125,24,1.626],"rotation":{"origin":[-7,-10,1.5],"axis":"y","angle":-22.5},"shade":false},{"faces":{"north":{"uv":[0,0,16,16],"texture":"#bushy_top","tintindex":0},"south":{"uv":[0,0,16,16],"texture":"#bushy_top","tintindex":0}},"from":[-6.6876,-8,13.7498],"to":[25.3124,24,13.7508],"rotation":{"origin":[-6.5,-10,13.625],"axis":"y","angle":22.5},"shade":false},{"faces":{"west":{"uv":[0,0,16,16],"texture":"#bushy_top","tintindex":0},"east":{"uv":[0,0,16,16],"texture":"#bushy_top","tintindex":0}},"from":[13.9999,-8,-9.3125],"to":[14.0009,24,22.6875],"rotation":{"origin":[13.875,-10,22.5],"axis":"y","angle":22.5},"shade":false},{"faces":{"north":{"uv":[0,0,16,16],"texture":"#snowy"},"south":{"uv":[0,0,16,16],"texture":"#snowy"}},"from":[-6.6876,-8,13.7498],"to":[25.3124,24,13.7508],"rotation":{"origin":[-6.5,-10,13.625],"axis":"y","angle":22.5},"shade":false},{"faces":{"west":{"uv":[0,0,16,16],"texture":"#snowy"},"east":{"uv":[0,0,16,16],"texture":"#snowy"}},"from":[13.9999,-8,-9.3125],"to":[14.0009,24,22.6875],"rotation":{"origin":[13.875,-10,22.5],"axis":"y","angle":22.5},"shade":false}],"parent":"block/block","textures":{"particle":"#all"}}