{"providers":[{"type":"bitmap","file":"kthirst:thirstmachinemenu.png","ascent":13,"height":71,"chars":["更"]},{"type":"bitmap","file":"kthirst:thirstmachineprogress.png","ascent":-29,"height":4,"chars":["車"]},{"type":"bitmap","file":"ktools:thirst_0_0_full.png","ascent":-26,"height":9,"chars":[""]},{"type":"bitmap","file":"ktools:thirst_0_0_half.png","ascent":-26,"height":9,"chars":[""]},{"type":"bitmap","file":"ktools:thirst_0_0_empty.png","ascent":-26,"height":9,"chars":[""]},{"type":"bitmap","file":"ktools:thirst_0_0_full.png","ascent":-16,"height":9,"chars":[""]},{"type":"bitmap","file":"ktools:thirst_0_0_half.png","ascent":-16,"height":9,"chars":[""]},{"type":"bitmap","file":"ktools:thirst_0_0_empty.png","ascent":-16,"height":9,"chars":[""]},{"type":"bitmap","file":"ktools:thirst_0_0_full.png","ascent":-6,"height":9,"chars":[""]},{"type":"bitmap","file":"ktools:thirst_0_0_half.png","ascent":-6,"height":9,"chars":[""]},{"type":"bitmap","file":"ktools:thirst_0_0_empty.png","ascent":-6,"height":9,"chars":[""]},{"type":"bitmap","file":"ktools:thirst_0_0_full.png","ascent":4,"height":9,"chars":[""]},{"type":"bitmap","file":"ktools:thirst_0_0_half.png","ascent":4,"height":9,"chars":[""]},{"type":"bitmap","file":"ktools:thirst_0_0_empty.png","ascent":4,"height":9,"chars":[""]},{"type":"bitmap","file":"ktools:thirst_0_0_full.png","ascent":9,"height":9,"chars":[""]},{"type":"bitmap","file":"ktools:thirst_0_0_half.png","ascent":9,"height":9,"chars":[""]},{"type":"bitmap","file":"ktools:thirst_0_0_empty.png","ascent":9,"height":9,"chars":[""]},{"type":"bitmap","file":"space:space_split.png","ascent":-32768,"height":-3,"chars":[""]},{"type":"bitmap","file":"space:space_split.png","ascent":-32768,"height":-4,"chars":[""]},{"type":"bitmap","file":"space:space_split.png","ascent":-32768,"height":-5,"chars":[""]},{"type":"bitmap","file":"space:space_split.png","ascent":-32768,"height":-6,"chars":[""]},{"type":"bitmap","file":"space:space_split.png","ascent":-32768,"height":-7,"chars":[""]},{"type":"bitmap","file":"space:space_split.png","ascent":-32768,"height":-8,"chars":[""]},{"type":"bitmap","file":"space:space_split.png","ascent":-32768,"height":-9,"chars":[""]},{"type":"bitmap","file":"space:space_split.png","ascent":-32768,"height":-10,"chars":[""]},{"type":"bitmap","file":"space:space_split.png","ascent":-32768,"height":-18,"chars":[""]},{"type":"bitmap","file":"space:space_split.png","ascent":-32768,"height":-34,"chars":[""]},{"type":"bitmap","file":"space:space_split.png","ascent":-32768,"height":-66,"chars":[""]},{"type":"bitmap","file":"space:space_split.png","ascent":-32768,"height":-130,"chars":[""]},{"type":"bitmap","file":"space:space_split.png","ascent":-32768,"height":-258,"chars":[""]},{"type":"bitmap","file":"space:space_split.png","ascent":-32768,"height":-514,"chars":[""]},{"type":"bitmap","file":"space:space_split.png","ascent":-32768,"height":-1026,"chars":[""]},{"type":"bitmap","file":"space:space_nosplit.png","ascent":-32768,"height":-3,"chars":[""]},{"type":"bitmap","file":"space:space_nosplit.png","ascent":-32768,"height":-4,"chars":[""]},{"type":"bitmap","file":"space:space_nosplit.png","ascent":-32768,"height":-5,"chars":[""]},{"type":"bitmap","file":"space:space_nosplit.png","ascent":-32768,"height":-6,"chars":[""]},{"type":"bitmap","file":"space:space_nosplit.png","ascent":-32768,"height":-7,"chars":[""]},{"type":"bitmap","file":"space:space_nosplit.png","ascent":-32768,"height":-8,"chars":[""]},{"type":"bitmap","file":"space:space_nosplit.png","ascent":-32768,"height":-9,"chars":[""]},{"type":"bitmap","file":"space:space_nosplit.png","ascent":-32768,"height":-10,"chars":[""]},{"type":"bitmap","file":"space:space_nosplit.png","ascent":-32768,"height":-18,"chars":[""]},{"type":"bitmap","file":"space:space_nosplit.png","ascent":-32768,"height":-34,"chars":[""]},{"type":"bitmap","file":"space:space_nosplit.png","ascent":-32768,"height":-66,"chars":[""]},{"type":"bitmap","file":"space:space_nosplit.png","ascent":-32768,"height":-130,"chars":[""]},{"type":"bitmap","file":"space:space_nosplit.png","ascent":-32768,"height":-258,"chars":[""]},{"type":"bitmap","file":"space:space_nosplit.png","ascent":-32768,"height":-514,"chars":[""]},{"type":"bitmap","file":"space:space_nosplit.png","ascent":-32768,"height":-1026,"chars":[""]},{"type":"bitmap","file":"space:space_split.png","ascent":-32768,"height":0,"chars":[""]},{"type":"bitmap","file":"space:space_split.png","ascent":-32768,"height":1,"chars":[""]},{"type":"bitmap","file":"space:space_split.png","ascent":-32768,"height":2,"chars":[""]},{"type":"bitmap","file":"space:space_split.png","ascent":-32768,"height":3,"chars":[""]},{"type":"bitmap","file":"space:space_split.png","ascent":-32768,"height":4,"chars":[""]},{"type":"bitmap","file":"space:space_split.png","ascent":-32768,"height":5,"chars":[""]},{"type":"bitmap","file":"space:space_split.png","ascent":-32768,"height":6,"chars":[""]},{"type":"bitmap","file":"space:space_split.png","ascent":-32768,"height":7,"chars":[""]},{"type":"bitmap","file":"space:space_split.png","ascent":-32768,"height":15,"chars":[""]},{"type":"bitmap","file":"space:space_split.png","ascent":-32768,"height":31,"chars":[""]},{"type":"bitmap","file":"space:space_split.png","ascent":-32768,"height":63,"chars":[""]},{"type":"bitmap","file":"space:space_split.png","ascent":-32768,"height":127,"chars":[""]},{"type":"bitmap","file":"space:space_split.png","ascent":-32768,"height":255,"chars":[""]},{"type":"bitmap","file":"space:space_split.png","ascent":-32768,"height":511,"chars":[""]},{"type":"bitmap","file":"space:space_split.png","ascent":-32768,"height":1023,"chars":[""]},{"type":"bitmap","file":"space:space_nosplit.png","ascent":-32768,"height":0,"chars":[""]},{"type":"bitmap","file":"space:space_nosplit.png","ascent":-32768,"height":1,"chars":[""]},{"type":"bitmap","file":"space:space_nosplit.png","ascent":-32768,"height":2,"chars":[""]},{"type":"bitmap","file":"space:space_nosplit.png","ascent":-32768,"height":3,"chars":[""]},{"type":"bitmap","file":"space:space_nosplit.png","ascent":-32768,"height":4,"chars":[""]},{"type":"bitmap","file":"space:space_nosplit.png","ascent":-32768,"height":5,"chars":[""]},{"type":"bitmap","file":"space:space_nosplit.png","ascent":-32768,"height":6,"chars":[""]},{"type":"bitmap","file":"space:space_nosplit.png","ascent":-32768,"height":7,"chars":[""]},{"type":"bitmap","file":"space:space_nosplit.png","ascent":-32768,"height":15,"chars":[""]},{"type":"bitmap","file":"space:space_nosplit.png","ascent":-32768,"height":31,"chars":[""]},{"type":"bitmap","file":"space:space_nosplit.png","ascent":-32768,"height":63,"chars":[""]},{"type":"bitmap","file":"space:space_nosplit.png","ascent":-32768,"height":127,"chars":[""]},{"type":"bitmap","file":"space:space_nosplit.png","ascent":-32768,"height":255,"chars":[""]},{"type":"bitmap","file":"space:space_nosplit.png","ascent":-32768,"height":511,"chars":[""]},{"type":"bitmap","file":"space:space_nosplit.png","ascent":-32768,"height":1023,"chars":[""]},{"type":"bitmap","file":"minecraft:font/protection.png","ascent":9,"height":10,"chars":[""]},{"type":"bitmap","file":"minecraft:font/fire_protection.png","ascent":9,"height":10,"chars":[""]},{"type":"bitmap","file":"minecraft:font/feather_falling.png","ascent":9,"height":10,"chars":[""]},{"type":"bitmap","file":"minecraft:font/blast_protection.png","ascent":9,"height":10,"chars":[""]},{"type":"bitmap","file":"minecraft:font/projectile_protection.png","ascent":9,"height":10,"chars":[""]},{"type":"bitmap","file":"minecraft:font/respiration.png","ascent":9,"height":10,"chars":[""]},{"type":"bitmap","file":"minecraft:font/aqua_affinity.png","ascent":9,"height":10,"chars":[""]},{"type":"bitmap","file":"minecraft:font/thorns.png","ascent":9,"height":10,"chars":[""]},{"type":"bitmap","file":"minecraft:font/depth_strider.png","ascent":9,"height":10,"chars":[""]},{"type":"bitmap","file":"minecraft:font/frost_walker.png","ascent":9,"height":10,"chars":[""]},{"type":"bitmap","file":"minecraft:font/binding_curse.png","ascent":9,"height":10,"chars":[""]},{"type":"bitmap","file":"minecraft:font/soul_speed.png","ascent":9,"height":10,"chars":[""]},{"type":"bitmap","file":"minecraft:font/sharpness.png","ascent":9,"height":10,"chars":[""]},{"type":"bitmap","file":"minecraft:font/smite.png","ascent":9,"height":10,"chars":[""]},{"type":"bitmap","file":"minecraft:font/bane_of_arthropods.png","ascent":9,"height":10,"chars":[""]},{"type":"bitmap","file":"minecraft:font/knockback.png","ascent":9,"height":10,"chars":[""]},{"type":"bitmap","file":"minecraft:font/fire_aspect.png","ascent":9,"height":10,"chars":[""]},{"type":"bitmap","file":"minecraft:font/looting.png","ascent":9,"height":10,"chars":[""]},{"type":"bitmap","file":"minecraft:font/sweeping.png","ascent":9,"height":10,"chars":[""]},{"type":"bitmap","file":"minecraft:font/efficiency.png","ascent":9,"height":10,"chars":[""]},{"type":"bitmap","file":"minecraft:font/silk_touch.png","ascent":9,"height":10,"chars":[""]},{"type":"bitmap","file":"minecraft:font/unbreaking.png","ascent":9,"height":10,"chars":[""]},{"type":"bitmap","file":"minecraft:font/fortune.png","ascent":9,"height":10,"chars":[""]},{"type":"bitmap","file":"minecraft:font/power.png","ascent":9,"height":10,"chars":[""]},{"type":"bitmap","file":"minecraft:font/punch.png","ascent":9,"height":10,"chars":[""]},{"type":"bitmap","file":"minecraft:font/flame.png","ascent":9,"height":10,"chars":[""]},{"type":"bitmap","file":"minecraft:font/infinity.png","ascent":9,"height":10,"chars":[""]},{"type":"bitmap","file":"minecraft:font/quick_charge.png","ascent":9,"height":10,"chars":[""]},{"type":"bitmap","file":"minecraft:font/piercing.png","ascent":9,"height":10,"chars":[""]},{"type":"bitmap","file":"minecraft:font/multishot.png","ascent":9,"height":10,"chars":[""]},{"type":"bitmap","file":"minecraft:font/luck_of_the_sea.png","ascent":9,"height":10,"chars":[""]},{"type":"bitmap","file":"minecraft:font/lure.png","ascent":9,"height":10,"chars":[""]},{"type":"bitmap","file":"minecraft:font/mending.png","ascent":9,"height":10,"chars":[""]},{"type":"bitmap","file":"minecraft:font/vanishing_curse.png","ascent":9,"height":10,"chars":[""]},{"type":"bitmap","file":"minecraft:font/impaling.png","ascent":9,"height":10,"chars":[""]},{"type":"bitmap","file":"minecraft:font/loyalty.png","ascent":9,"height":10,"chars":[""]},{"type":"bitmap","file":"minecraft:font/riptide.png","ascent":9,"height":10,"chars":[""]},{"type":"bitmap","file":"minecraft:font/channeling.png","ascent":9,"height":10,"chars":[""]},{"type":"bitmap","file":"minecraft:font/swift_sneak.png","ascent":9,"height":10,"chars":[""]},{"type":"bitmap","file":"minecraft:ranks/owner.png","ascent":7,"height":7,"chars":[""]},{"type":"bitmap","file":"minecraft:ranks/admin.png","ascent":7,"height":7,"chars":[""]},{"type":"bitmap","file":"minecraft:ranks/manager.png","ascent":7,"height":7,"chars":[""]},{"type":"bitmap","file":"minecraft:ranks/developer.png","ascent":7,"height":7,"chars":[""]},{"type":"bitmap","file":"minecraft:ranks/mod.png","ascent":7,"height":7,"chars":[""]},{"type":"bitmap","file":"minecraft:ranks/staff.png","ascent":7,"height":7,"chars":[""]},{"type":"bitmap","file":"minecraft:ranks/advbeginner.png","ascent":7,"height":7,"chars":[""]},{"type":"bitmap","file":"minecraft:ranks/advadvanced.png","ascent":7,"height":7,"chars":[""]},{"type":"bitmap","file":"minecraft:ranks/advexpert.png","ascent":7,"height":7,"chars":[""]},{"type":"bitmap","file":"minecraft:ranks/expbeginner.png","ascent":7,"height":7,"chars":[""]},{"type":"bitmap","file":"minecraft:ranks/expadvanced.png","ascent":7,"height":7,"chars":[""]},{"type":"bitmap","file":"minecraft:ranks/expexpert.png","ascent":7,"height":7,"chars":[""]},{"type":"bitmap","file":"minecraft:ranks/resbeginner.png","ascent":7,"height":7,"chars":[""]},{"type":"bitmap","file":"minecraft:ranks/resadvanced.png","ascent":7,"height":7,"chars":[""]},{"type":"bitmap","file":"minecraft:ranks/resexpert.png","ascent":7,"height":7,"chars":[""]},{"type":"bitmap","file":"minecraft:ranks/adventurer.png","ascent":7,"height":7,"chars":[""]},{"type":"bitmap","file":"minecraft:ranks/explorer.png","ascent":7,"height":7,"chars":[""]},{"type":"bitmap","file":"minecraft:ranks/researcher.png","ascent":7,"height":7,"chars":[""]},{"type":"bitmap","file":"minecraft:icons/heart.png","ascent":8,"height":9,"chars":[""]},{"type":"bitmap","file":"minecraft:ranks/super.png","ascent":7,"height":7,"chars":[""]},{"type":"bitmap","file":"minecraft:ranks/lord.png","ascent":7,"height":7,"chars":[""]},{"type":"bitmap","file":"minecraft:ranks/hero.png","ascent":7,"height":7,"chars":[""]},{"type":"bitmap","file":"minecraft:ranks/angel.png","ascent":7,"height":7,"chars":[""]},{"type":"bitmap","file":"minecraft:ranks/god.png","ascent":7,"height":7,"chars":[""]},{"type":"bitmap","file":"minecraft:ranks/divinity.png","ascent":7,"height":7,"chars":[""]},{"type":"bitmap","file":"minecraft:ranks/vip.png","ascent":7,"height":7,"chars":[""]},{"type":"bitmap","file":"minecraft:icons/airplane.png","ascent":8,"height":9,"chars":[""]},{"type":"bitmap","file":"minecraft:icons/anchor.png","ascent":8,"height":9,"chars":[""]},{"type":"bitmap","file":"minecraft:icons/apple.png","ascent":8,"height":9,"chars":[""]},{"type":"bitmap","file":"minecraft:icons/art-palette.png","ascent":8,"height":9,"chars":[""]},{"type":"bitmap","file":"minecraft:icons/camera.png","ascent":8,"height":9,"chars":[""]},{"type":"bitmap","file":"minecraft:icons/castle-entrance.png","ascent":8,"height":9,"chars":[""]},{"type":"bitmap","file":"minecraft:icons/chat-bubble.png","ascent":8,"height":9,"chars":[""]},{"type":"bitmap","file":"minecraft:icons/checkmark.png","ascent":8,"height":9,"chars":[""]},{"type":"bitmap","file":"minecraft:icons/clock.png","ascent":8,"height":9,"chars":[""]},{"type":"bitmap","file":"minecraft:icons/cloud.png","ascent":8,"height":9,"chars":[""]},{"type":"bitmap","file":"minecraft:icons/clover.png","ascent":8,"height":9,"chars":[""]},{"type":"bitmap","file":"minecraft:icons/coffee.png","ascent":8,"height":9,"chars":[""]},{"type":"bitmap","file":"minecraft:icons/coins.png","ascent":8,"height":9,"chars":[""]},{"type":"bitmap","file":"minecraft:icons/crown.png","ascent":8,"height":9,"chars":[""]},{"type":"bitmap","file":"minecraft:icons/diamond.png","ascent":8,"height":9,"chars":[""]},{"type":"bitmap","file":"minecraft:icons/envelope.png","ascent":8,"height":9,"chars":[""]},{"type":"bitmap","file":"minecraft:icons/feather.png","ascent":8,"height":9,"chars":[""]},{"type":"bitmap","file":"minecraft:icons/fire.png","ascent":8,"height":9,"chars":[""]},{"type":"bitmap","file":"minecraft:icons/flower.png","ascent":8,"height":9,"chars":[""]},{"type":"bitmap","file":"minecraft:icons/game-controller.png","ascent":8,"height":9,"chars":[""]},{"type":"bitmap","file":"minecraft:icons/gems.png","ascent":8,"height":9,"chars":[""]},{"type":"bitmap","file":"minecraft:icons/heart.png","ascent":8,"height":9,"chars":[""]},{"type":"bitmap","file":"minecraft:icons/high-voltage.png","ascent":8,"height":9,"chars":[""]},{"type":"bitmap","file":"minecraft:icons/light-bulb.png","ascent":8,"height":9,"chars":[""]},{"type":"bitmap","file":"minecraft:icons/llama-pinhata.png","ascent":8,"height":9,"chars":[""]},{"type":"bitmap","file":"minecraft:icons/mag-glass.png","ascent":8,"height":9,"chars":[""]},{"type":"bitmap","file":"minecraft:icons/megaphone.png","ascent":8,"height":9,"chars":[""]},{"type":"bitmap","file":"minecraft:icons/moon.png","ascent":8,"height":9,"chars":[""]},{"type":"bitmap","file":"minecraft:icons/muhsroom.png","ascent":8,"height":9,"chars":[""]},{"type":"bitmap","file":"minecraft:icons/music-notes.png","ascent":8,"height":9,"chars":[""]},{"type":"bitmap","file":"minecraft:icons/pencil.png","ascent":8,"height":9,"chars":[""]},{"type":"bitmap","file":"minecraft:icons/person.png","ascent":8,"height":9,"chars":[""]},{"type":"bitmap","file":"minecraft:icons/potion.png","ascent":8,"height":9,"chars":[""]},{"type":"bitmap","file":"minecraft:icons/present-box.png","ascent":8,"height":9,"chars":[""]},{"type":"bitmap","file":"minecraft:icons/rainbow.png","ascent":8,"height":9,"chars":[""]},{"type":"bitmap","file":"minecraft:icons/rocket.png","ascent":8,"height":9,"chars":[""]},{"type":"bitmap","file":"minecraft:icons/sand-clock.png","ascent":8,"height":9,"chars":[""]},{"type":"bitmap","file":"minecraft:icons/settings.png","ascent":8,"height":9,"chars":[""]},{"type":"bitmap","file":"minecraft:icons/shield.png","ascent":8,"height":9,"chars":[""]},{"type":"bitmap","file":"minecraft:icons/skull.png","ascent":8,"height":9,"chars":[""]},{"type":"bitmap","file":"minecraft:icons/stacked-books.png","ascent":8,"height":9,"chars":[""]},{"type":"bitmap","file":"minecraft:icons/star.png","ascent":8,"height":9,"chars":[""]},{"type":"bitmap","file":"minecraft:icons/sun.png","ascent":8,"height":9,"chars":[""]},{"type":"bitmap","file":"minecraft:icons/treasure.png","ascent":8,"height":9,"chars":[""]},{"type":"bitmap","file":"minecraft:icons/tree.png","ascent":8,"height":9,"chars":[""]},{"type":"bitmap","file":"minecraft:icons/trophy.png","ascent":8,"height":9,"chars":[""]},{"type":"bitmap","file":"minecraft:icons/umbrella.png","ascent":8,"height":9,"chars":[""]},{"type":"bitmap","file":"minecraft:icons/volcano.png","ascent":8,"height":9,"chars":[""]},{"type":"bitmap","file":"minecraft:icons/warning.png","ascent":8,"height":9,"chars":[""]},{"type":"bitmap","file":"minecraft:icons/water-drop.png","ascent":8,"height":9,"chars":[""]},{"type":"bitmap","file":"minecraft:icons/wave.png","ascent":8,"height":9,"chars":[""]},{"type":"bitmap","file":"minecraft:icons/world.png","ascent":8,"height":9,"chars":[""]},{"type":"bitmap","file":"minecraft:icons/xsymbol.png","ascent":8,"height":9,"chars":[""]}]}